'超快单像素光谱分析及成像','https://eee.sustc.edu.cn/?p=3647&cc=7','王超','2019-04-04','EE','台州楼 202-2室',,,,
'远程超高清立体实时演播监控系统','https://eee.sustc.edu.cn/?p=3644&cc=7','丁守谦  李进良','2019-04-04','EE','第一教学楼 501室',,,,
'飞秒激光产生、测量及超快成像应用','https://eee.sustc.edu.cn/?p=3641&cc=7','徐世祥','2019-03-27','EE','第一教学楼 303议室',,,,
'Light driven smart micro robotics','https://eee.sustc.edu.cn/?p=3480&cc=7','Dr. Hao Zeng','2018-10-26','EE','台州楼 202-2会议室',,,,
'Interfacial Optics: Manipulating the Light at Interface','https://eee.sustc.edu.cn/?p=3483&cc=7','None','2018-10-25','EE','南山智园A7栋 1113会议室',,,,
'高效率纯有机电致发光材料与器件','https://eee.sustc.edu.cn/?p=3371&cc=7','苏仕健','2018-05-18','EE','第二科研楼 503会议室',,,,
'Ambient intelligence: adaptivity by using artificial intelligence,machine learning,and biometrics in worldwide cloud-based environments','https://eee.sustc.edu.cn/?p=3368&cc=7','Vincenzo Piuri','2018-05-18','EE','第二科研楼 503会议室',,
'Paradigm Shifts in MMIC,RFIC and System-in-Package Design','https://eee.sustc.edu.cn/?p=3351&cc=7','林福江','2018-05-14','EE','第二科研楼 503会议室',,,
'Novel Modulation and Multiple Access Methods for 5G','https://eee.sustc.edu.cn/?p=3348&cc=7','Andreas F. Molisch','2018-05-14','EE','南山智园A7栋 1113会议室',,,,
'激光加工技术，下一代智能制造的利器','https://eee.sustc.edu.cn/?p=3345&cc=7','王浟','2018-05-14','EE','第一教学楼 401室',,,,
'面向高性能计算的奇点光束复用光通信','https://eee.sustc.edu.cn/?p=3342&cc=7','雷霆','2018-05-14','EE','第二科研楼 503会议室',,,,
'Bandpass Frequency Selective Surface based on Cascaded Ground Apertured Patch Resonators','https://eee.sustc.edu.cn/?p=3339&cc=7','金城','2018-05-14','EE','南山智园A7栋 1113会议室',,,,
'High-Quality Colloidal Photonic Crystals: Fabrication and Sensing Applications','https://eee.sustc.edu.cn/?p=3332&cc=7','蔡仲雨','2018-05-07','EE','第二科研楼 503会议室',,,,
'超宽禁带氧化镓半导体外延及器件应用','https://eee.sustc.edu.cn/?p=3329&cc=7','叶建东','2018-05-07','EE','第二科研楼 503会议室',,,,
'Want Higher Research Impact – Be a Better Communicator','https://eee.sustc.edu.cn/?p=3320&cc=7','M. Jamal Deen','2018-05-02','EE','第二科研楼 503会议室',,,,
'基于贵金属纳米结构SERS特性的超灵敏肿瘤标志物检测与癌症早期诊断技术','https://eee.sustc.edu.cn/?p=3317&cc=7','周骏','2018-05-02','EE','第二科研楼 503会议室',,,,
'基于时间反演的光学扫描成像技术的研究进展','https://eee.sustc.edu.cn/?p=3314&cc=7','欧海燕','2018-05-02','EE','第二科研楼 503会议室',,,,
'光纤生物传感研究','https://eee.sustc.edu.cn/?p=3311&cc=7','郎婷婷','2018-05-02','EE','第二科研楼 503会议室',,,,
'从多任务处理到硬件实现嵌入式系统','https://eee.sustc.edu.cn/?p=3308&cc=7','韦孟宇','2018-05-02','EE','第二科研楼 503会议室',,,,
'Memory Device for Analog Neuromorphic Computing','https://eee.sustc.edu.cn/?p=3305&cc=7','王中锐','2018-05-02','EE','第二科研楼 503会议室',,,,
'Manipulating and harnessing surface plasmon polaritons with structured surfaces','https://eee.sustc.edu.cn/?p=3302&cc=7','杜路平','2018-04-24','EE','第二科研楼 503会议室',,,,
'Application of Solution Process Organic Semiconductors  in Printable Solar Photovoltaic Devices','https://eee.sustc.edu.cn/?p=3297&cc=7','Gang Li','2018-04-22','EE','第二科研楼 503会议室',,,,
'數字光學與其應用領域介紹','https://eee.sustc.edu.cn/?p=3294&cc=7','邱俊榮','2018-04-21','EE','一教  204房间',,,,
'太赫兹固态电子技术新进展及趋势','https://eee.sustc.edu.cn/?p=3291&cc=7','王俊龙','2018-04-18','EE','南山智园A7栋 1113会议室',,,,
'Impact of Photonics R and D on Broadband Telecom Evolution','https://eee.sustc.edu.cn/?p=3288&cc=7','None','2018-04-17','EE','第二科研楼 503会议室',,,,
'MicroLED diplays based on Si- and Al nanostructured materials','https://eee.sustc.edu.cn/?p=3285&cc=7','Aliaksandr SMIRNOV','2018-04-12','EE','第二科研楼 503会议室',,,,
'Exploring Short-Packet Communications in Non-Orthogonal Multiple Access Systems','https://eee.sustc.edu.cn/?p=3271&cc=7','Nan Yang','2018-04-08','EE','南山智园A7栋 1113会议室',,,,
'Realization of representative artificial synaptic behaviors and investigation of one-device circuit','https://eee.sustc.edu.cn/?p=3267&cc=7','戴明志','2018-04-08','EE','第二科研楼 503会议室',,,,
'面向未来芯片的压电氮化铝（AlN）薄膜材料与器件','https://eee.sustc.edu.cn/?p=3261&cc=7','孙成亮','2018-04-04','EE','第二科研楼 503会议室',,,,
'微波光子雷达及关键技术','https://eee.sustc.edu.cn/?p=3254&cc=7','潘时龙','2018-04-04','EE','第二科研楼 503会议室',,,,
'Display technologies for AR and VR applications','https://eee.sustc.edu.cn/?p=3227&cc=7','吴诗聪','2018-03-30','EE','行政楼 301会议室',,,,
'Nanomaterial-enhanced Integrated Photonics','https://eee.sustc.edu.cn/?p=3220&cc=7','Andrea Armani','2018-03-30','EE','第二科研楼 503会议室',,,,
'Having fun while developing a high-impact research career','https://eee.sustc.edu.cn/?p=3225&cc=7','M. Jamal Deen','2018-03-30','EE','第二科研楼 503会议室',,,,
'Fantastically two-dimensional layered materials and How to use them','https://eee.sustc.edu.cn/?p=3217&cc=7','Peiguang Yan','2018-03-30','EE','第二科研楼 503会议室',,,,
'Plasmonic fiber-optic biochemical and electrochemical sensing','https://eee.sustc.edu.cn/?p=3214&cc=7','郭团','2018-03-30','EE','第二科研楼 503会议室',,,,
'南方科技大学专利讲座介绍','https://eee.sustc.edu.cn/?p=3211&cc=7','李泳博','2018-03-30','EE','第二科研楼 503会议室',,,,
'氮化物半导体及其量子结构的大失配异质外延','https://eee.sustc.edu.cn/?p=3208&cc=7','沈波','2018-03-29','EE','图书馆111报告厅',,,,
'发展Micro-LED技术的若干思考','https://eee.sustc.edu.cn/?p=3204&cc=7','郑有炓','2018-03-28','EE','图书馆111报告厅',,,,
'Two-Dimensional Layered Materials: Growth Dynamics and Electron Device','https://eee.sustc.edu.cn/?p=3201&cc=7','Yang Chai','2018-03-28','EE','第二科研楼 503会议室',,,,
'超快光纤激光的研究进展及应用','https://eee.sustc.edu.cn/?p=3182&cc=7','刘雪明','2018-03-22','EE','第二科研楼 503会议室',,,,
'高效钙钛矿光电器件','https://eee.sustc.edu.cn/?p=3179&cc=7','游经碧','2018-03-22','EE','第二科研楼 503会议室',,,,
'BioMEMS for Biomedical applications','https://eee.sustc.edu.cn/?p=3174&cc=7','Hyun Soo Kim','2018-03-22','EE','第一教学楼 302室',,,,
'Are You Still Working on 2D?','https://eee.sustc.edu.cn/?p=3171&cc=7','Terrence Mak','2018-03-22','EE','第二科研楼 503会议室',,,,
'Spectroscopy,Microscopy,and Tomography Enhanced by Ultrafast Photonics','https://eee.sustc.edu.cn/?p=3168&cc=7','Kenneth K. Y. Wong','2018-03-22','EE','第二科研楼 503会议室',,
'神奇的激光、更神奇的飞秒激光','https://eee.sustc.edu.cn/?p=3165&cc=7','徐世祥','2018-03-22','EE','一教 401会议室',,,,
'新型光电子器件关键技术','https://eee.sustc.edu.cn/?p=3162&cc=7','裴丽','2018-03-22','EE','第二科研楼 503会议室',,,,
'Design,Optimization and Tuning of Microwave Filters','https://eee.sustc.edu.cn/?p=3129&cc=7','王颖','2018-03-15','EE','南山智园A7栋 1113会议室',,,
'Microwave Photonics','https://eee.sustc.edu.cn/?p=3126&cc=7','姚建平','2018-03-07','EE','第二科研楼 503会议室',,,,
'Being a Great Hurdler – Key Ingredients of Your Tenure Dossier','https://eee.sustc.edu.cn/?p=3096&cc=7','M. Jamal Deen','2018-03-01','EE','图书馆 110报告厅',,,,
'Surface smoothing effect of an amorphous insulating thin film deposited by atomic layer deposition on polycrystalline ZnO or other materials and its significance','https://eee.sustc.edu.cn/?p=3102&cc=7','W.S. Lau','2018-02-26','EE','第二科研楼 503会议室',,,,
'High Performance Microwave Technologies for the 5G and Internet of Space','https://eee.sustc.edu.cn/?p=3093&cc=7','于明','2018-02-26','EE','南山智园A7栋 1113会议室',,,,
'Optical quantum information processing','https://eee.sustc.edu.cn/?p=3077&cc=7','陆朝阳','2018-01-30','EE','第二科研楼 503会议室',,,,
'处理器设计若干挑战及研究','https://eee.sustc.edu.cn/?p=3016&cc=7','虞志益','2018-01-22','EE','第二科研楼 503会议室',,,,
'激光清洗','https://eee.sustc.edu.cn/?p=3008&cc=7','宋峰','2018-01-19','EE','第二科研楼 503会议室',,,,
'Light gain amplification in microcavity organic semiconductor laser diodes under electrical pumping','https://eee.sustc.edu.cn/?p=2977&cc=7','刘星元','2018-01-18','EE','第二科研楼 503会议室',,,,
'金属材料表面的飞秒激光微纳制造技术','https://eee.sustc.edu.cn/?p=2922&cc=7','杨建军','2018-01-12','EE','第二科研楼 503会议室',,,,
'溶液加工发光显示器件研究','https://eee.sustc.edu.cn/?p=2919&cc=7','彭俊彪','2018-01-12','EE','第二科研楼 503会议室',,,,
'光锁相环及其应用','https://eee.sustc.edu.cn/?p=2916&cc=7','董毅','2018-01-12','EE','第二科研楼 503会议室',,,,
'Materials Design and Development for Next-Generation Energy Storage Technologies','https://eee.sustc.edu.cn/?p=2901&cc=7','Hailong Chen','2018-01-12','EE','第二科研楼 503会议室',,,,
'OLED器件材料和工艺介绍','https://eee.sustc.edu.cn/?p=2913&cc=7','向传义','2018-01-11','EE','第二科研楼 408会议室',,,,
'The Controlled Synthesis of Metal Oxide Nanoparticles and Some Examples of Applications','https://eee.sustc.edu.cn/?p=2898&cc=7','DELVILLE Marie-Hélène','2018-01-11','EE','国际会议中心',,,,
'Cesium Lead Halide Nanocrystals: Colloidal Synthesis and Applications','https://eee.sustc.edu.cn/?p=2895&cc=7','Qiao ZHANG','2018-01-11','EE','第二科研楼 503会议室',,,,
'Stimulated Brillouin Scattering: from optical fiber to silicon-based chip','https://eee.sustc.edu.cn/?p=2892&cc=7','Junqiang SUN','2018-01-11','EE','第二科研楼 503会议室',,,,
'计算受限的移动边缘网络','https://eee.sustc.edu.cn/?p=2878&cc=7','王玮','2018-01-10','EE','南山智园A7栋 1113会议室',,,,
'Research——A Pleasurable Journey','https://eee.sustc.edu.cn/?p=2851&cc=7','M.Jamal Deen','2018-01-05','EE','第二科研楼 503会议室',,,,
'Strategies of information processing in the auditory system… and how neuroscientists and engineers can support each other','https://eee.sustc.edu.cn/?p=2848&cc=7','None','2018-01-05','EE','南山智园A7栋 1113会议室',,,,
'Photopatterning of Molecular Orientations by Using Plasmonic Metamasks','https://eee.sustc.edu.cn/?p=2845&cc=7','Qi-Huo Wei','2018-01-05','EE','第二科研楼 503会议室',,,,
'IGBT(绝缘栅双极型晶体管)--设计和工艺中的若干工程技术问题','https://eee.sustc.edu.cn/?p=2810&cc=7','龚大卫','2018-01-01','EE','第二科研楼 503会议室',,,,
'Comprehensive study of Ga Activation in Si,SiGe and Ge with 5 × 10-10 Ω·cm2 Contact Resistivity Achieved on Ga doped Ge using Nanosecond Laser Activation','https://eee.sustc.edu.cn/?p=2807&cc=7','蒋玉龙','2018-01-01','EE','第二科研楼 503会议室',,,
'Plasmonic Chalcogenide Color Printing','https://eee.sustc.edu.cn/?p=2774&cc=7','刘海龙','2017-12-29','EE','第二科研楼 503会议室',,,,
'Deep UV laser | Emerging B-III-N material | Polarization tool','https://eee.sustc.edu.cn/?p=2768&cc=7','李晓航','2017-12-29','EE','第二科研楼 503会议室',,,,
'Optimal-tuned Weighted LASSO for Massive MIMO Channel Estimation with Limited RF Chains','https://eee.sustc.edu.cn/?p=2729&cc=7','Vincent Lau','2017-12-27','EE','南山智园A7栋 1113会议室',,,,
'Connectivity of Millimeter-Wave Networks in Urban Environments Modeled Using Random Lattices','https://eee.sustc.edu.cn/?p=2726&cc=7','Kaibin Huang','2017-12-27','EE','南山智园A7栋 1113会议室',,,,
'An approximate maximum likelihood detection algorithm for phasenoise impaired MIMO channels','https://eee.sustc.edu.cn/?p=2723&cc=7','Sheng Yang','2017-12-27','EE','南山智园A7栋 1113会议室',,,,
'Analysis and Optimization of Caching in Large-scale Wireless Networks','https://eee.sustc.edu.cn/?p=2720&cc=7','Ying CUI','2017-12-27','EE','南山智园A7栋 1113会议室',,,,
'硅基纳米光子器件','https://eee.sustc.edu.cn/?p=2701&cc=7','Daoxin Dai','2017-12-25','EE','第二科研楼 503会议室',,,,
'激光相干性调控及应用','https://eee.sustc.edu.cn/?p=2698&cc=7','蔡阳健','2017-12-25','EE','第二科研楼 503会议室',,,,
'氧化物神经形态晶体管及其“类脑芯片”应用','https://eee.sustc.edu.cn/?p=2664&cc=7','万青','2017-12-19','EE','第二科研楼 503会议室',,,,
'界面及活性层修饰对有机太阳能性能电池性能影响的研究','https://eee.sustc.edu.cn/?p=2660&cc=7','康博南','2017-12-19','EE','第二科研楼 503会议室',,,,
'Photonics in Medicine and Health','https://eee.sustc.edu.cn/?p=2597&cc=7','John Canning','2017-12-13','EE','第二科研楼 503会议室',,,,
'Liquid-Crystal-based Planar Waveguide Devices for Optical Interconnects','https://eee.sustc.edu.cn/?p=2581&cc=7','张需明','2017-12-13','EE','第二科研楼503会议室',,,,
'Next generation solar cells: focused on nanomaterials and nanotechnology','https://eee.sustc.edu.cn/?p=2066&cc=7','Dong Hwan Wang','2017-12-13','EE','第二科研楼 503会议室',,,,
'New Ingredients in the Pot - Rethink Analog IC Design -','https://eee.sustc.edu.cn/?p=1553&cc=7','孙楠','2017-12-11','EE','第二科研楼 503会议室',,,,
'Two-Dimensional Nanomaterials Enabled Information Storage and Sensing','https://eee.sustc.edu.cn/?p=2071&cc=7','俞滨','2017-12-08','EE','第二科研楼 503会议室',,,,
'面向照明和显示的无机钙钛矿量子点发光二极管','https://eee.sustc.edu.cn/?p=2073&cc=7','张宇','2017-12-04','EE','第二科研楼 503会议室',,,,
'Few Cycle pulse generation from nonlinear process in fiber laser system','https://eee.sustc.edu.cn/?p=2079&cc=7','Minglie Hu','2017-11-27','EE','第二科研楼 503会议室',,,,
'Manipulating Light at the Nano-Scale： Lenses,Holograms and Vortices','https://eee.sustc.edu.cn/?p=2077&cc=7','黄坤','2017-11-27','EE','第二科研楼 503会议室',,,
'稀疏低秩表示在高光谱图像降维与分类中的应用','https://eee.sustc.edu.cn/?p=2081&cc=7','李恒超','2017-11-21','EE','南山智园A7栋 11楼 1113会议室',,,,
'Coherent X-ray Diffraction Imaging for Materials Science','https://eee.sustc.edu.cn/?p=2046&cc=7','Ian Robinson','2017-11-20','EE','第二科研楼 516会议室',,,,
'Communication and Computing for Mobile Intelligence','https://eee.sustc.edu.cn/?p=2044&cc=7','张军','2017-11-20','EE','南山智园A7栋 11楼 1113会议室',,,,
'Opportunities and Applications of 3D Additive Manufacturing','https://eee.sustc.edu.cn/?p=2083&cc=7','魏军','2017-11-20','EE','第二科研楼 408会议室',,,,
'Towards breaking the Shockley-Queisser limit in organic solar cells','https://eee.sustc.edu.cn/?p=2048&cc=7','张春风','2017-11-20','EE','第二科研楼 503会议室',,,,
'大脑听皮质对耳蜗植入人群的频率分辨处理的研究','https://eee.sustc.edu.cn/?p=2050&cc=7','梁纯','2017-11-16','EE','南山智园A7栋 11楼 1113会议室',,,,
'Ultrafast all-fibre laser and its polarisation dynamics','https://eee.sustc.edu.cn/?p=2054&cc=7','None','2017-11-14','EE','南山智园A7栋 11楼 1113会议室',,,,
'Data-driven network analytics in SDN-based programmable optical networks','https://eee.sustc.edu.cn/?p=2058&cc=7','Shuangyi Yan','2017-11-14','EE','南山智园A7栋 11楼 1113会议室',,,,
'Optoelectronic and optomechanical fiber devices','https://eee.sustc.edu.cn/?p=2060&cc=7','徐飞','2017-11-14','EE','南山智园A7栋 11楼 1113会议室',,,,
'仿生超微飞行机器人','https://eee.sustc.edu.cn/?p=2062&cc=7','：张卫平','2017-11-13','EE','第二科研楼 503会议室',,,,
'移动中的通信与计算协同','https://eee.sustc.edu.cn/?p=2064&cc=7','周盛','2017-11-10','EE','南山智园A7栋 11楼 1113会议室',,,,
'大口径可见光望远镜的液晶自适应光学成像','https://eee.sustc.edu.cn/?p=2026&cc=7','宣丽','2017-11-10','EE','第二科研楼 503会议室',,,,
'Microwave biomedical imaging with inhomogeneous background medium','https://eee.sustc.edu.cn/?p=2032&cc=7','Kuiwen Xu','2017-11-09','EE','南山智园A7栋 11楼 1113会议室',,,,
'Some thoughts on introducing transformation optics to antenna design','https://eee.sustc.edu.cn/?p=2028&cc=7','Zhan Zhang','2017-11-09','EE','南山智园A7栋 11楼 1113会议室',,,,
'On Imaging Methods of Material Structures with Different Boundary Conditions','https://eee.sustc.edu.cn/?p=2030&cc=7','Xiuzhu Ye','2017-11-09','EE','南山智园A7栋 11楼 1113会议室',,,,
'Control of luminescence of Eu3+doped materials with plasmonic core-shell structures','https://eee.sustc.edu.cn/?p=2036&cc=7','宋峰','2017-11-06','EE','第二科研楼 503会议室',,,,
'Acoustofluidic Platforms for Separation and Analysis of Particles and Cells','https://eee.sustc.edu.cn/?p=2034&cc=7','Han WANG','2017-11-06','EE','第一教学楼 405室',,,,
'5G移动通信中的信道编码技术','https://eee.sustc.edu.cn/?p=2040&cc=7','白宝明','2017-11-03','EE','南山智园A7栋 10楼 1008会议室',,,,
'Multicasting and Caching for Content-Centric Wireless Networks','https://eee.sustc.edu.cn/?p=2038&cc=7','Meixia Tao','2017-11-03','EE','南山智园A7栋 10楼 1008会议室',,,,
'Progress and Development Trend of Cache Assisted Wireless Communication Technology','https://eee.sustc.edu.cn/?p=2009&cc=7','Qingchun Chen','2017-11-03','EE','南山智园A7栋 11楼 1113会议室',,,,
'量子点发光二极管技术：材料，器件和打印技术的开发','https://eee.sustc.edu.cn/?p=2007&cc=7','：钱磊','2017-11-03','EE','第二科研楼 503会议室',,,,
'MDS Codes for Distributed Storage system','https://eee.sustc.edu.cn/?p=2042&cc=7','：Xiaohu Tang','2017-11-03','EE','南山智园A7栋 11楼 1113会议室',,,,
'X-ray microscopy: making it big,fast,cool,and colorful','https://eee.sustc.edu.cn/?p=2011&cc=7','Chris Jacobsen','2017-10-30','EE','None',
'Introduction of a research university in Canada: INRS','https://eee.sustc.edu.cn/?p=2022&cc=7','Philippe-Edwin Bélanger','2017-10-26','EE','第一科研楼 报告厅',,,,
'Introduction of Center of Energy,Materials and Telecommunications','https://eee.sustc.edu.cn/?p=2020&cc=7','：Dongling Ma','2017-10-26','EE','第一教学楼 110教室',,,
'Nanoscale switching of near-infrared hot spots in plasmonic oligomers probed by two-photon absorption in photopolymers','https://eee.sustc.edu.cn/?p=2018&cc=7','Renaud Bachelot','2017-10-26','EE','第二科研楼 503会议室',,,,
'基于深度神经网络的双耳语音分离','https://eee.sustc.edu.cn/?p=2015&cc=7','：张学良','2017-10-26','EE','南山智园A7栋 11楼 1113会议室',,,,
'Distributed fibre sensing: how to turn an optical fibre into a sensing nerve','https://eee.sustc.edu.cn/?p=2013&cc=7',' Luc THÉVENAZ','2017-10-26','EE','第二科研楼 503会议室',,,,
'Large-Scale Distributed Optimization by ADMM: Algorithms and Applications','https://eee.sustc.edu.cn/?p=2024&cc=7','张纵辉','2017-10-23','EE','南山智园A7栋 10楼 1008会议室',,,,
'新疆110米口径全可动射电望远镜','https://eee.sustc.edu.cn/?p=1988&cc=7','许谦','2017-10-23','EE','南山智园A7栋 11楼 1113会议室',,,,
'Research Seminar：Secured Microchip Design to Countermeasure against Physical Hardware Attack','https://eee.sustc.edu.cn/?p=1992&cc=7','Ali Akbar Pammu','2017-10-20','EE','第二科研楼 503会议室',,,,
'IEEE Distinguished Lecture：Low Power Robust Asynchronous Circuit Design – Challenges and Future Directions','https://eee.sustc.edu.cn/?p=1990&cc=7','Gwee Bah Hwee','2017-10-20','EE','第二科研楼 503会议室',,,,
'NB-IoT Technology,Standardization and RF Transceiver Design','https://eee.sustc.edu.cn/?p=1996&cc=7','Huimin GUO','2017-10-12','EE','第二科研楼 503会议室',,,
'Biomedical Image Segmentation and Applications','https://eee.sustc.edu.cn/?p=1998&cc=7','Zhiping Lin','2017-10-09','EE','南山智园A7栋 1113会议室',,,,
'Design and Optimization of Silicon Nanophotonic Devices','https://eee.sustc.edu.cn/?p=2001&cc=7','B M A Rahman','2017-09-29','EE','第二科研楼 503会议室',,,,
'From Theory to Practice: Control System for Experimental Physics','https://eee.sustc.edu.cn/?p=2003&cc=7','YongHu','2017-09-22','EE','第二科研楼 503会议室',,,,
'多频段高温超导微波滤波器和双工器研究','https://eee.sustc.edu.cn/?p=2005&cc=7','刘海文','2017-09-20','EE','南山智园A7栋 11楼 1113会议室',,,,
'Smart Grid Optimization Supported by Data Analytics,Energy Storage and Renewables','https://eee.sustc.edu.cn/?p=1970&cc=7','Saman K. Halgamuge','2017-09-19','EE','第二科研楼 503会议室',,,
'NanoBioChem Integration at Femtoliter,Attoliter,and Single-Molecule Scales through Nanofluidics','https://eee.sustc.edu.cn/?p=1972&cc=7','YanXu','2017-09-14','EE','第二科研楼 503会议',,
'Advanced Fibre Grating Technologies at AIPT','https://eee.sustc.edu.cn/?p=1974&cc=7','Lin Zhang','2017-09-07','EE','第二科研楼 503会议室',,,,
'Towards Next Generation Modeling and Optimization Technology for High-Frequency Electronic Design: Cognition-Driven Design','https://eee.sustc.edu.cn/?p=1976&cc=7','Qijun Zhang','2017-09-04','EE','南山智园A7栋 11楼 1113室',,,,
'Illuminating Many-Core Architectures with Silicon Photonic Interconnects','https://eee.sustc.edu.cn/?p=1980&cc=7','Sébastien Le Beux','2017-08-21','EE','第二科研楼 503会议室',,,,
'Kinetic energy harvesting systems: the electromechanical joint modeling and transboundary integration','https://eee.sustc.edu.cn/?p=1978&cc=7','Junrui Liang','2017-08-21','EE','第二科研楼 503会议室',,,,
'基于扫频技术的听力损失快速检测方法研究进展','https://eee.sustc.edu.cn/?p=1982&cc=7','：陈世雄','2017-08-07','EE','南山智园A7栋 11楼 1113室',,,,
'Acoustofluidics – cell manipulation in ultrasonic fields ','https://eee.sustc.edu.cn/?p=1984&cc=7','Martyn Hill','2017-08-03','EE','第二科研楼 503会议室',,,,
'Low-cost Dimension Scaling of High-Frequency Structures Using Inverse Surrogates','https://eee.sustc.edu.cn/?p=1955&cc=7','Slawomir Koziel ','2017-07-31','EE','南山智园A7栋 11楼 1113会议室',,,,
'Surrogate-Assisted Multi-Objective Design Optimization of Antennas','https://eee.sustc.edu.cn/?p=1953&cc=7','Slawomir Koziel ','2017-07-31','EE','南山智园A7栋 11楼 1113会议室',,,,
'Advanced X-ray Sources and their Applications to Structural Systems Biology','https://eee.sustc.edu.cn/?p=1957&cc=7','Thomas Earnest','2017-07-03','EE','第二科研楼 503会议室',,,,
'Perfect electromagnetic absorption: from frequency-independent performance to record-thin material','https://eee.sustc.edu.cn/?p=1959&cc=7','侯波','2017-06-29','EE','南山智园A7栋 11楼 1113会议室',,,,
'半导体纳米晶的精准控制合成及应用探索','https://eee.sustc.edu.cn/?p=1961&cc=7','李林松','2017-06-28','EE','第二科研楼 503会议室',,,,
'Wireless Networking for Mission-Critical Control','https://eee.sustc.edu.cn/?p=1964&cc=7','Vincent LAU ','2017-06-27','EE','南山智园A7栋 11楼 1113会议室',,,,
'Organically modified microresonators for nonlinear photonics','https://eee.sustc.edu.cn/?p=1968&cc=7','沈晓钦','2017-06-23','EE','第二科研楼 503会议室',,,,
'探索光电子材料与微纳结构暨器件的奥秘','https://eee.sustc.edu.cn/?p=1966&cc=7','冯哲川','2017-06-23','EE','第二科研楼 503会议室',,,,
'High Brightness Microstructured X-ray Source for Phase Contrasting Imaging','https://eee.sustc.edu.cn/?p=1935&cc=7','Wenbing Yun','2017-06-20','EE','第二科研楼 503会议室',,,,
'THz Wave Manipulation Using Metasurfaces','https://eee.sustc.edu.cn/?p=1937&cc=7','Chi Hou Chan','2017-06-19','EE','南山智园A7栋 11楼 1113会议室',,,,
'The Maxwell-Boltzmann approximation for ion kinetic modeling','https://eee.sustc.edu.cn/?p=1939&cc=7','Toan T. Nguyen','2017-06-16','EE','南山智园A7栋 11楼 1113会议室',,,,
'Artificial photosynthesis of carbohydrates using optofluidic chips','https://eee.sustc.edu.cn/?p=1943&cc=7','张需明','2017-06-09','EE','第二科研楼 503会议室',,,,
'Biosensing Technologies for Rapid Detection of Food Contaminants ','https://eee.sustc.edu.cn/?p=1941&cc=7','孙艺','2017-06-09','EE','第二科研楼 503会议室',,,,
'New Schemes of Room-Temperature Solution-Processes for High Performance Organic and Perovskite Optoelectronic Devices','https://eee.sustc.edu.cn/?p=1945&cc=7','Wallace C. H. Choy','2017-06-08','EE','第二科研楼 503会议室',,,,
'Biomimicry and Interfacial Material Engineering','https://eee.sustc.edu.cn/?p=1947&cc=7','Boxin Zhao','2017-05-26','EE','南山智园A7栋 11楼 1113会议室',,,,
'University of Southern California and Ming Hsieh Dept. of Electrical Engineering','https://eee.sustc.edu.cn/?p=1914&cc=7','Cauligi (Raghu) Raghavendra','2017-05-19','EE','第二科研楼 503会议室',,,,
'A Wearable Robotic Exoskeleton for Gait Rehabilitation','https://eee.sustc.edu.cn/?p=1916&cc=7','Yu Haoyong','2017-05-18','EE','第二科研楼 503会议室',,,,
'Energy Efficient System Architecture for Wireless Wearable Sensors in Health IoT','https://eee.sustc.edu.cn/?p=1918&cc=7',' Yong Lian','2017-05-16','EE','南山智园A7栋 11楼 1113会议室',,,,
'One-Dimensional Nanomaterials Based Nonvolatile Information Storage','https://eee.sustc.edu.cn/?p=1920&cc=7','俞滨','2017-05-11','EE','第二科研楼 503会议室',,,,
'基于深度学习的人脸识别技术','https://eee.sustc.edu.cn/?p=1922&cc=7','张举勇','2017-05-08','EE','南山智园A7栋 11楼 1113会议室',,,,
'VASCULAR OPTICS: OPPORTUNITIES IN MICROVASCULAR IMAGING AND PHOTOPLETHYSMOGRAPHY','https://eee.sustc.edu.cn/?p=1926&cc=7','John Allen','2017-04-25','EE','南山智园A7栋 11楼 1113会议室',,,,
'单频与超高重频光纤激光器','https://eee.sustc.edu.cn/?p=1924&cc=7','杨中民','2017-04-25','EE','第二科研楼 503会议室',,,,
'Micro-/Nano-Optical Imaging','https://eee.sustc.edu.cn/?p=1930&cc=7','虞益挺','2017-04-20','EE','第二科研楼 503会议室',,,,
'Micro-/Nano-Optical Imaging','https://eee.sustc.edu.cn/?p=1928&cc=7','赵勇彪','2017-04-20','EE','第二科研楼 408会议室',,,,
'通信与计算的融合趋势','https://eee.sustc.edu.cn/?p=1892&cc=7','王江舟','2017-04-18','EE','图书馆1110',,,,
'Integrated Circuits and Antennas for mmWave/THz Applicatio','https://eee.sustc.edu.cn/?p=1896&cc=7','胡三明','2017-04-17','EE','南山智园A7栋 1113会议室',,,,
'Integrated Circuits and Antennas for mmWave/THz Applications','https://eee.sustc.edu.cn/?p=2240&cc=7','胡三明','2017-04-17','EE','南山智园A7栋 1113会议室',,,,
'3D Frequency Selective Structures: Opportunities and Challenges','https://eee.sustc.edu.cn/?p=1898&cc=7','沈忠祥','2017-04-13','EE','南山智苑A7栋 1113会议室',,,,
'3D Frequency Selective Structures: Opportunities and Challenges','https://eee.sustc.edu.cn/?p=2246&cc=7','沈忠祥','2017-04-13','EE','南山智苑A7栋 1113会议室',,,,
'Interaction between deep learning and neuroscience','https://eee.sustc.edu.cn/?p=1900&cc=7','胡晓林','2017-04-10','EE','南山智苑A7栋 1113会议室',,,,
'面向物联网时代的集成电路工艺技术','https://eee.sustc.edu.cn/?p=1902&cc=7','赵超','2017-03-31','EE','第二科研楼 503会议室',,,,
'增强现实头戴显示技术研究进展','https://eee.sustc.edu.cn/?p=1904&cc=7','王涌天','2017-03-29','EE','第二科研楼 503会议室',,,,
'飞秒激光诱导神奇的微纳结构','https://eee.sustc.edu.cn/?p=1906&cc=7','邱建荣','2017-03-28','EE','第二科研楼 503会议室',,,,
'科技论文写作与投稿','https://eee.sustc.edu.cn/?p=1912&cc=7','张宇识','2017-03-21','EE','第二科研楼 503会议室',,,,
'Laser-feedback interferometry with quantum cascade lasers: a new technology for THz imaging and sensing','https://eee.sustc.edu.cn/?p=1875&cc=7',' Aleksandar D. Rakić','2017-03-21','EE','行政楼 301会议室',,,,
'Characterization of semiconductors by combining the PL and DLTS techniques','https://eee.sustc.edu.cn/?p=1873&cc=7','卢励吾','2017-03-21','EE','第二科研楼 503会议室',,,,
'Characterization of semiconductors by combining the PL and DLTS techniques','https://eee.sustc.edu.cn/?p=2259&cc=7','卢励吾','2017-03-21','EE','第二科研楼 503会议室',,,,
'Chiral liquid crystal cells as biosensing platforms','https://eee.sustc.edu.cn/?p=1881&cc=7','Wei Lee','2017-03-08','EE','第二科研楼 503会议室',,,,
'Code Hopping Multiple Access Based on Orthogonal Complementary Codes','https://eee.sustc.edu.cn/?p=1879&cc=7','Hsiao-Hwa Chen','2017-03-08','EE','南山智苑A7栋 1113会议室',,,,
'Code Hopping Multiple Access Based on Orthogonal Complementary Codes','https://eee.sustc.edu.cn/?p=2263&cc=7','Hsiao-Hwa Chen','2017-03-08','EE','南山智苑A7栋 1113会议室',,,,
'Nonmechanical methods of LC alignment: from discovery to industrial life','https://eee.sustc.edu.cn/?p=1883&cc=7','Oleg V. Yaroshchuk','2017-03-07','EE','第二科研楼 408会议室',,,,
'Color-switchable and white-light liquid-crystal lasing in one-dimensional photonic bandgap structures','https://eee.sustc.edu.cn/?p=1885&cc=7','Wei Lee','2017-03-06','EE','第二科研楼 503会议室',,,,
'Femtosecond Pump-Probe Spectroscopy: Why Not Try Strong Pulses?','https://eee.sustc.edu.cn/?p=1889&cc=7','Maxim F. Gelin','2017-03-02','EE','第二科研楼 503会议室',,,,
'Encoderless Model Predictive Control for Electrical Systems','https://eee.sustc.edu.cn/?p=1887&cc=7','汪凤翔','2017-03-02','EE','第二科研楼503会议室',,,,
'Dynamics and Spectroscopy of Complex Molecular Systems at Finite Temperature: Thermo Field Dynamics approach','https://eee.sustc.edu.cn/?p=1854&cc=7','Raffaele Borrelli','2017-03-02','EE','第二科研楼 503会议室',,,,
'Microwave Sensing and Imaging:Microwave measurements for medical diagnostics,process analytics,and nanoscale calibrated measurements','https://eee.sustc.edu.cn/?p=2272&cc=7','Roger Stancliff','2017-03-01','EE','南山智园A7栋1113会议室',,
'Microwave Sensing and Imaging:Microwave measurements for medical diagnostics,process analytics,and nanoscale calibrated measurements','https://eee.sustc.edu.cn/?p=1856&cc=7','Roger Stancliff','2017-03-01','EE','南山智园A7栋1113会议室',,
'Ultrafast carrier dynamics in thin-film topological insulators monitored by ultrashort laser pulses','https://eee.sustc.edu.cn/?p=1860&cc=7','Yuri D. Glinka','2017-02-23','EE','第二科研楼 503会议室',,,,
'Mode-Division Multiplexing: A New Technology to Increase the Capacity of Optical Fiber Transmission 模分复用：一项增加光纤传输容量的新技术','https://eee.sustc.edu.cn/?p=1858&cc=7','郑建成','2017-02-23','EE','南山智园A7栋11楼电子系会议室',,,,
'High Efficiency Wireless EV Charger Based on Capacitive Power Transfer Principle','https://eee.sustc.edu.cn/?p=1862&cc=7',' Chris Mi','2016-12-30','EE','第二科研楼 503会议室',,,,
'InAs/GaAs多量子阱体系中载流子超快相干行为的时间分辨克尔旋转谱研究','https://eee.sustc.edu.cn/?p=1866&cc=7','宁吉强','2016-12-26','EE','第二科研楼 503会议室',,,,
'掺镓ZnO薄膜紫外探测器研制与光响应机制的研究','https://eee.sustc.edu.cn/?p=1864&cc=7','王荣新','2016-12-26','EE','第二科研楼 503会议室',,,,
'Strong light-matter interactions with 2D materials','https://eee.sustc.edu.cn/?p=1868&cc=7','Tony Low','2016-12-21','EE','第二科研楼 503会议室',,,,
'阻变存储器的阵列集成与应用','https://eee.sustc.edu.cn/?p=1838&cc=7','高滨 教授','2016-12-16','EE',' 第二科研楼 408会议室',,,,
'Neuro-inspired Computing with Resistive Synaptic Devices','https://eee.sustc.edu.cn/?p=1836&cc=7','余诗孟教授','2016-12-16','EE','第二科研楼 408会议室',,,,
'Circuit Applications of Patch Elements','https://eee.sustc.edu.cn/?p=1840&cc=7','Dr. Shaoyong Zheng','2016-12-15','EE','智园A7栋 1113会议室',,,,
'局域化态集体荧光的LSE模型与应用','https://eee.sustc.edu.cn/?p=1842&cc=7','徐士杰教授 香港大学','2016-12-12','EE','第二科研楼503会议室',,,,
'电子与电气工程系系列讲座：Micro on-chip Energy Storages based on Microfabrication and Nano Materials基于微加工技术和纳米材料的片上储能器件','https://eee.sustc.edu.cn/?p=1994&cc=7','王晓红','2016-12-10','EE','第一教学楼 110教室',,,,
'电子与电气工程系系列讲座：Silicon Carbide Power Devices and M/NEMS  电子与电气工程系系列讲座：Silicon Carbide Power Devices and M/NEMS','https://eee.sustc.edu.cn/?p=1986&cc=7','Feng Zhao','2016-12-10','EE','第二科研楼 503会议室',,,,
'电子与电气工程系系列讲座：LCOS芯片设计','https://eee.sustc.edu.cn/?p=1951&cc=7','代永平','2016-12-10','EE','第二科研楼 503会议室',,,,
'电子与电气工程系系列讲座：Memristive devices for future computing','https://eee.sustc.edu.cn/?p=1949&cc=7','杨建华 ','2016-12-10','EE','第二科研楼 102会议室',,,,
'电子与电气工程系系列讲座：SiGe for the next generation electronic and photonic devices','https://eee.sustc.edu.cn/?p=1932&cc=7','Guangrui Xia','2016-12-10','EE','第二科研楼 503会议室',,,,
'电子与电气工程系系列讲座：What’s next for Wi-Fi?','https://eee.sustc.edu.cn/?p=1894&cc=7','Edward Au','2016-12-10','EE','南山智园A7栋 10楼 1003会议',,,,
'电子与电气工程系系列讲座：Open 5G Platform','https://eee.sustc.edu.cn/?p=1877&cc=7','李强','2016-12-10','EE','南山智园A7栋10楼1008会议室',,,,
'电子与电气工程系系列讲座：Multiparadigm Simulations on Functional Materials with Low Dimensions','https://eee.sustc.edu.cn/?p=1871&cc=7','苏海滨','2016-12-10','EE','第二科研楼 408会议室',,,,
'Fast Surrogate-Assisted Optimization and Fine-Tuning of Compact Microwave Structures','https://eee.sustc.edu.cn/?p=1753&cc=7',' Prof. Slawomir Koziel (Reykjavik Univ.)','2016-12-10','EE','南山智园A7栋1113会议室',,,,
'电子与电气工程系学术讲座：Patterns in bent-core liquid crystals','https://eee.sustc.edu.cn/?p=1751&cc=7','Dr. Ying Xiang (GUT)','2016-12-10','EE','第二科研楼503会议室',,,,
'电子与信息科学名家讲座：从硅基纳米器件到后硅时代纳米技术','https://eee.sustc.edu.cn/?p=1749&cc=7','Prof. Bin Yu (SUNY)','2016-12-10','EE','第二科研楼408会议室',,,,
'电子与电气工程系学术讲座：Traitor Deterring Schemes Using Bitcoin as Collateral for Digital Contents','https://eee.sustc.edu.cn/?p=1747&cc=7','唐强博士（康奈尔大学）','2016-12-10','EE','第二科研楼503会议室',,,,
'电子与信息科学名家讲座：Learning over Limited Data Samples Detection of Cooperative Interactions in Logistic Regression Models','https://eee.sustc.edu.cn/?p=1745&cc=7','崔曙光教授(Univ. of California-Davis)','2016-12-10','EE','智园A7栋1008会议室',,,,
'电子与信息科学名家讲座：Learning over Limited Data Samples Detection of Cooperative Interactions in Logistic Regression Models','https://eee.sustc.edu.cn/?p=1743&cc=7','崔曙光教授(Univ. of California-Davis)','2016-12-10','EE','智园A7栋1008会议室',,,,
'Lead Halide Perovskite Microlasers','https://eee.sustc.edu.cn/?p=1741&cc=7','Dr. Qinghai Song (HIT-SZ)','2016-12-10','EE','第二科研楼503会议室',,,,
'Ion Migration in Organometal Trihalide Perovskite and Its Impact to Photovoltaic Efficiency and Stability','https://eee.sustc.edu.cn/?p=1739&cc=7','袁永波博士(中南大学)','2016-12-10','EE','第二科研楼102会议室',,,,
'电子与电气工程系学术讲座：Performance Improvement for Assistive Hearing Devices Under Noisy Conditions Based on the Machine Learning and Unsupervised Signal Processing Technologies','https://eee.sustc.edu.cn/?p=1737&cc=7','赖颖辉博士（台湾元智大學）','2016-12-10','EE','第二科研楼408会议室',,,,
'计算机系学术报告（Modeling and predicting data for business intelligence）','https://eee.sustc.edu.cn/?p=1735&cc=7','None','2016-12-10','EE','二科502会议室',,,,
'Advanced Materials and Manufacturing for Life Sciences','https://eee.sustc.edu.cn/?p=1733&cc=7','陶虎博士（SIMIT）','2016-12-10','EE','第二科研楼101会议室',,,,
'电子与电气工程系学术讲座;Data Driven Computer Vision','https://eee.sustc.edu.cn/?p=1731&cc=7','Dr. Mei Chen (SUNY)','2016-12-10','EE','第二科研楼503会议室',,,,
'Stretchable and Wearable Electronic Devices','https://eee.sustc.edu.cn/?p=1729&cc=7','Dr. Yan Chaoyi (PKU-SZ)','2016-12-10','EE','第二科研楼503会议室',,,,
'Ultrafast Spectroscopy Study of Photoexcited Carrier Dynamics in Two-dimensional Materials','https://eee.sustc.edu.cn/?p=1727&cc=7','Dr. Dong Sun (PKU)','2016-12-10','EE','第二科研楼503会议室',,,,
'电子与电气工程系学术讲座：Smart Structures for Space Exploration','https://eee.sustc.edu.cn/?p=1725&cc=7','Hongyu Yu(Arizona State University)','2016-12-10','EE','第二科研楼408会议室',,,,
'电子与电气工程系学术讲座：Advances in MEMS and NEMS – Beyond Moore’s Law','https://eee.sustc.edu.cn/?p=1723&cc=7','Prof. Chengkuo Lee (NTU)','2016-12-10','EE','第二科研楼408会议室',,,,
'电子与信息科学名家讲座：Smart City Research Experiences in Smart Traffic Monitoring','https://eee.sustc.edu.cn/?p=1721&cc=7','Dr. Mo Li (NTU)','2016-12-10','EE','第二科研楼408',,,,
'电子与信息科学名家讲座：Heterogeneous Networks Rate,Delay,and Energy Efficiency','https://eee.sustc.edu.cn/?p=1719&cc=7','Dr. Fu-Chun Zheng (Univ. of Reading)','2016-12-10','EE','第二科研楼503会议室',,
'电子与信息科学名家讲座：Trickle Irrigation Congestion Relief for Communication with Network Coding','https://eee.sustc.edu.cn/?p=1717&cc=7','Prof. Dapeng Oliver Wu(Univ. of Florida)','2016-12-10','EE','第二科研楼503会议室',,,,
'New Ingredients in the Pot - Rethink Analog IC Design -','https://eee.sustc.edu.cn/?p=2069&cc=7','孙楠','2016-12-10','EE','第二科研楼 503会议室',,,,
'电子与电气工程系学术讲座：Nonlinear Optical Organic Molecules and Their Applications','https://eee.sustc.edu.cn/?p=1715&cc=7','Dr. Tingchao He (Shenzhen University)','2016-12-10','EE','第一教学楼107课室',,,,
'电子与电气工程系学术讲座：物联网与感测器技术','https://eee.sustc.edu.cn/?p=1713&cc=7','Prof. Horng-Show Koo (MUST)','2016-12-10','EE','第二科研楼503会议室',,,,
'电子与电气工程系学术讲座：Mobile Advertising Method,System and Field Experimentation','https://eee.sustc.edu.cn/?p=1711&cc=7','Dr. Siyuan Liu (PSU)','2016-12-10','EE','第二科研楼408会议室',,,
'电子与电气工程系学术讲座：Proactive eavesdropping via cognitive jamming in fading channels','https://eee.sustc.edu.cn/?p=1709&cc=7','许杰博士(广东工业大学)','2016-12-10','EE','第二科研楼503会议室',,,,
'电子与电气工程系学术讲座：Design and performance analysis of a new multiresolution M-ary differential chaos shift keying communication system','https://eee.sustc.edu.cn/?p=1707&cc=7','蔡国发博士（广东工业大学）','2016-12-10','EE','第二科研楼503会议室',,,,
'电子与电气工程系学术讲座：Design of Root-Protograph LDPC Codes for Non-Ergodic Block-Fading Channels','https://eee.sustc.edu.cn/?p=1705&cc=7','方毅博士(广东工业大学)','2016-12-10','EE','第二科研楼503会议室',,,,
'电子与信息科学名家讲座：Cloud Augmented Mobile Applications：Research Framework and Challenging Issues','https://eee.sustc.edu.cn/?p=1703&cc=7','Prof. Jiannong Cao（HKPU）','2016-12-10','EE','第二科研楼209会议室',,,,
'电子与电气工程系学术讲座：稀疏雷达成像的发展','https://eee.sustc.edu.cn/?p=1701&cc=7','李刚博士（清华大学）','2016-12-10','EE','第二科研楼503会议室',,,,
'电子与信息科学名家讲座：Al- and Si-based nanostructured materials for modern optoelectronic and photonic devices','https://eee.sustc.edu.cn/?p=1699&cc=7','Prof. Aliaksandr SMIRNOV (BSUIR)','2016-12-10','EE','第二科研楼102会议室',,,,
'电子与信息科学名家讲座暨亚太电磁兼容会议南科大分会场','https://eee.sustc.edu.cn/?p=1697&cc=7','None','2016-12-10','EE','国际会议厅、第二科研楼503会议室',,,,
'电子与电气工程系学术讲座：Towards Multi-Resource Fair Allocation with Placement Constraints','https://eee.sustc.edu.cn/?p=1695&cc=7','Dr. Wei Wang (HKUST)','2016-12-10','EE','第二科研楼503会议室',,,,
'电子与电气工程系学术讲座：荧光材料在白光LED中的应用','https://eee.sustc.edu.cn/?p=1693&cc=7','向卫东教授（温州大学）','2016-12-10','EE','第一教学楼402教室',,,,
'电子与电气工程系学术讲座：Microfluidics for Biomedical Sensors and Imaging Equipment','https://eee.sustc.edu.cn/?p=1691&cc=7','Dr. Chiwan Koo (TAMU)','2016-12-10','EE','第二科研楼408会议室',,,,
'电子与电气工程系学术讲座：Relative Contributions of Temporal Fine Structure and Envelope Cues to Tone and Sentence Recognition in Noise','https://eee.sustc.edu.cn/?p=1689&cc=7','徐立博士（Ohio University）','2016-12-10','EE','第二科研楼503会议室',,,,
'电子与信息科学名家讲座：Silicon Based Nanostructures for Nanoelectronics and Photovoltaics','https://eee.sustc.edu.cn/?p=1687&cc=7','陈坤基（南京大学）','2016-12-10','EE','第二科研楼408会议室',,,,
'电子与信息科学名家讲座：Brain Storm Optimization Algorithm','https://eee.sustc.edu.cn/?p=1685&cc=7','Prof. Yuhui Shi(XJTLU)','2016-12-10','EE','第二科研楼503会议室',,,,
'电子与电气工程系讲座：Trends and Innovations in Electronic Design Automation Software','https://eee.sustc.edu.cn/?p=1683&cc=7','陈少华博士','2016-12-10','EE','第二科研楼503会议室',,,,
'电子与电气工程系学术讲座：Wearables for p-Medicine','https://eee.sustc.edu.cn/?p=1681&cc=7','潘颂欣博士','2016-12-10','EE','第二科研楼 408',,,,
'电子与电气工程系讲座：The Past,Present,and Future of Invisibility Cloaking Technology','https://eee.sustc.edu.cn/?p=1679&cc=7','Assistant Prof. Baile zhang(NTU)','2016-12-10','EE','第二科研楼503会议室',,
'电子与信息科学名家讲座：A Technology for Monolithic MEMS-CMOS Integration and Its Application to the Realization of an Active-Matrix Tactile Sensor','https://eee.sustc.edu.cn/?p=1677&cc=7','Prof. Man Wong','2016-12-10','EE','第二科研楼503会议室',,,,
'电子与电气工程系学术讲座：心血管系统早期无创动态监测技术研究','https://eee.sustc.edu.cn/?p=1675&cc=7','徐礼胜教授（东北大学）','2016-12-10','EE','科研教学服务大楼304会议室',,,,
'电子与电气工程系学术讲座：Silicon Photonics for Electronic-Photonic','https://eee.sustc.edu.cn/?p=1673&cc=7','Dr. Xianshu LUO','2016-12-10','EE','第二科研楼102会议室',,,,
'电子与电气工程系学术讲座：BATS Network Coding in Action','https://eee.sustc.edu.cn/?p=1671&cc=7','Assistant Prof. Shenghao Yang (CUHKSZ)','2016-12-10','EE','第二科研楼408会议室',,,,
'电子与电气工程系学术讲座：Coherence Buildup and Nonlinear Dynamics in Mesoscale Lasers','https://eee.sustc.edu.cn/?p=1668&cc=7','Dr. Tao Wang (Université Nice Sophia Antipolis)','2016-12-10','EE','第二科研楼503会议室',,,,
'Deep-tissue and high-resolution optical in vivo bioimaging based on fluorescent nanoprobes','https://eee.sustc.edu.cn/?p=2075&cc=7','钱骏','2016-12-10','EE','第二科研楼 503会议室',,,,
'Online Job Dispatching and Scheduling in Edge-Clouds','https://eee.sustc.edu.cn/?p=1844&cc=7','谈海生','2016-12-08','EE','智园A7栋 1113会议室',,,,
'定子励磁型无刷电机系统研究现状与应用展望','https://eee.sustc.edu.cn/?p=1852&cc=7','花为','2016-12-02','EE','第二科研楼 503室',,,,
'Environmental Electrochemistry-a special focus on bioenergy from waste and trace heavy metal monitoring','https://eee.sustc.edu.cn/?p=1850&cc=7',' Dr. Huijie HOU','2016-12-02','EE','第一教学楼 404室',,,,
'基于光取向液晶的光场调控技术及应用','https://eee.sustc.edu.cn/?p=1848&cc=7','胡伟 南京大学','2016-12-02','EE','第二科研楼 408会议室',,,,
'自组装超结构液晶光子材料及应用—1D~3D、电控~光控、调光~激射','https://eee.sustc.edu.cn/?p=1846&cc=7',' 郑致刚 华东理工大学','2016-12-02','EE','第二科研楼 408会议室',,,,
'Optical Microcavity Sensing: Single-nanoparticle Detection','https://eee.sustc.edu.cn/?p=1818&cc=7','肖云峰 博士','2016-11-25','EE','第二科研楼 503会议室',,,,
'后MEMS时代的三维集成多功能微系统','https://eee.sustc.edu.cn/?p=1822&cc=7','王喆垚 教授','2016-11-23','EE','第二科研楼 408会议室',,,,
'Weakly Coupled Resonators: Theories and Applications','https://eee.sustc.edu.cn/?p=1820&cc=7','常洪龙 教授','2016-11-23','EE','第二科研楼 408会议室',,,,
'太阳能电池的制备及测试','https://eee.sustc.edu.cn/?p=1826&cc=7','周航 博士','2016-11-22','EE','第二科研楼 503会议室',,,,
'Broadband Mobile Communications for High Speed Vehicles: Challenges and Opportunities','https://eee.sustc.edu.cn/?p=1824&cc=7','范平志 教授','2016-11-22','EE','南山智园A7栋 1008会议室',,,,
'Topics on Modulations for 5G and Beyond','https://eee.sustc.edu.cn/?p=1830&cc=7','夏香根 教授 （Shenzhen University and University of Delaware）','2016-11-16','EE','智园A7栋 1008会议室',,,,
'Open 5G Platform','https://eee.sustc.edu.cn/?p=1828&cc=7','杨旸 研究员（中国科学院上海微系统与信息技术研究所）','2016-11-16','EE','智园A7栋 1008会议室',,,,
'CSMA/CQ: a Novel SDN-based Design to Enable Concurrent Execution of Channel Contention and Data Transmission in IEEE 802.11 Networks','https://eee.sustc.edu.cn/?p=1832&cc=7','赵庆林 （澳门科技大学）','2016-11-11','EE','第二科研楼408室',,,,
'Combination of photo-induced alignment and self-assembly to realize polarized emission from ordered semiconductor nanorods','https://eee.sustc.edu.cn/?p=1834&cc=7','Prof. Andrey L. Rogach （City Uni. of Hong Kong）','2016-11-02','EE','行政楼国际会议厅121-1',,,,
'Combination of photo-induced alignment and self-assembly to realize polarized emission from ordered semiconductor nanorods','https://eee.sustc.edu.cn/?p=2300&cc=7','Prof. Andrey L. Rogach （City Uni. of Hong Kong）','2016-11-02','EE','行政楼国际会议厅121-1',,,,
'Challenges and opportunities for Kerr nonlinear plasmonics','https://eee.sustc.edu.cn/?p=1802&cc=7','Dr. Guangyuan Li (Sydney Univ.)','2016-10-31','EE','第二科研楼503会议室',,,,
'Introduction to University of Technology of Troyes (UTT,France) and Its Postgraduate Program','https://eee.sustc.edu.cn/?p=1800&cc=7','Prof. Renaud BACHELOT (UTT)','2016-10-31','EE','第二科研楼503会议室',,,
'Multimedia over Future Internet Challenges and Opportunities','https://eee.sustc.edu.cn/?p=1804&cc=7','Prof. Dapeng Oliver Wu (UF)','2016-10-27','EE','第二科研楼503会议室',,,,
'新型空间共轭材料：分子设计与性能研究','https://eee.sustc.edu.cn/?p=1806&cc=7','赵祖金博士(华南理工大学)','2016-10-26','EE','第二科研楼 503会议室',,,,
'Innovative Device to Assess the Health of the Peripheral Artery','https://eee.sustc.edu.cn/?p=1810&cc=7','郑定昌博士（安格利亚鲁斯金大学）','2016-10-24','EE','南山智园A7栋1113会议室',,,,
'Hearing in the Visual Impaired','https://eee.sustc.edu.cn/?p=1808&cc=7','Prof. Shahina Pardhan (Anglia Ruskin Univ.)','2016-10-24','EE','南山智园A7栋1113会议室',,,,
'The 2nd SUSTech-INRS Joint Workshop on Sustainable Technologies','https://eee.sustc.edu.cn/?p=1816&cc=7','None','2016-10-20','EE','International Meeting Hall 121-1',,,,
'Fine-Grained Human Activity Recongnition Using Signal Based Mobile Sensing','https://eee.sustc.edu.cn/?p=1814&cc=7','Dr. Xiaoliang Wang (Tohoku Univ.)','2016-10-20','EE','智园A7栋1101会议室',,,,
'Integrated Nanophotonic Platforms for Lab-on-a-chip Sensing','https://eee.sustc.edu.cn/?p=1782&cc=7','Prof. Ali Adibi (CIT)','2016-10-19','EE','第二科研楼408会议室',,,,
'Current Research and Development of Wireless Power Receivers','https://eee.sustc.edu.cn/?p=1786&cc=7','程林博士(香港科技大学)','2016-10-17','EE','第二科研楼503会议室',,,,
'Quantum-optical Analogue in Photonic Nanostructures','https://eee.sustc.edu.cn/?p=1788&cc=7','Dr. Junjun Xiao','2016-10-14','EE','第二科研楼503会议室',,,,
'光纤中的光场调控：矢量光束和涡旋光束的产生','https://eee.sustc.edu.cn/?p=1790&cc=7','梅霆教授','2016-10-12','EE','第二科研楼503会议室',,,,
'Electromicrofluidic Manipulations of Cells and Hydrogels for Heterogeneous Architectures','https://eee.sustc.edu.cn/?p=1812&cc=7','Professor Shih-Kang Fan (NTU)','2016-10-10','EE','第二科研楼503会议室',,,,
'香港科技大学电子与计算机工程系联合培养博士生招生宣讲会','https://eee.sustc.edu.cn/?p=1792&cc=7','港科大教授','2016-10-10','EE','图书馆111报告厅',,,,
'Advanced Direct-Drive Electrical Machines','https://eee.sustc.edu.cn/?p=1794&cc=7','李文龙博士(香港大学)','2016-10-08','EE','第二科研楼503会议室',,,,
'石榴石基透明陶瓷','https://eee.sustc.edu.cn/?p=1796&cc=7','秦海明博士（中科院宁波材料所）','2016-09-28','EE','第二科研楼503会议室',,,,
'How to start a company from scratch——a real story of a professor-turned entrepreneur','https://eee.sustc.edu.cn/?p=1798&cc=7','袁述博士（香港SMC Multimedia）','2016-09-22','EE','第二科研楼503会议室',,,,
'Engineering the Electronic Structure of Few-layer Graphene Through Intercalation 插层分子对少层石墨烯的能带调制','https://eee.sustc.edu.cn/?p=1764&cc=7','詹达副教授(厦门大学)','2016-09-22','EE','第二科研楼408会议室',,,,
'电子与电气工程系学术讲座：应用于早期诊断和精准治疗的集成微系统技术','https://eee.sustc.edu.cn/?p=1762&cc=7','刘玉菲博士(重庆大学)','2016-09-22','EE','第一教学楼107室',,,,
'Analysis and Optimization of Joint Caching and Multicasting in Large-scale Cache-enabled Wireless Networks','https://eee.sustc.edu.cn/?p=1784&cc=7','崔颖博士(上海交通大学)','2016-09-20','EE','南山智园A7栋1113会议室',,,,
'Galois Comes to the Rescue Unifying Detection and Decoding in Designing Robust Wireless Communication Receivers','https://eee.sustc.edu.cn/?p=1768&cc=7','Dr. Zhi Ding (Univ. of California-Davis)','2016-09-02','EE','南山智园A7栋1008会议室',,,,
'Parametric Adaptive Nonstationarity Detection','https://eee.sustc.edu.cn/?p=1766&cc=7','褚轶景博士(HKPU)','2016-09-02','EE','南山智园A7栋1113会议室',,,,
'Galois Comes to the Rescue Unifying Detection and Decoding in Designing Robust Wireless Communication Receivers','https://eee.sustc.edu.cn/?p=2328&cc=7','Dr. Zhi Ding (Univ. of California-Davis)','2016-09-02','EE','南山智园A7栋1008会议室',,,,
'Mobile Edge Computation Offloading Wireless Power and Resource Allocation','https://eee.sustc.edu.cn/?p=1774&cc=7','Dr. Kaibin Huang (HKU)','2016-08-25','EE','南山智园A7栋1112室',,,,
'On the complementary roles of MIMO and coded caching','https://eee.sustc.edu.cn/?p=1772&cc=7','Dr. Sheng Yang (HKU)','2016-08-25','EE','南山智园A7栋1112室',,,,
'Overview of PHY Caching in Wireless Networks','https://eee.sustc.edu.cn/?p=1770&cc=7','Dr.Vincent Lau(HKUST)','2016-08-25','EE','智园A7栋1113会议室',,,,
'Rail Traffic Services-Oriented 5G','https://eee.sustc.edu.cn/?p=1778&cc=7','艾渤教授','2016-08-24','EE','第二科研楼503会议室',,,,
'On Energy-Harvesting Relay Networks Full-Duplex and Relay Selection','https://eee.sustc.edu.cn/?p=1776&cc=7','程翔教授（北京大学）','2016-08-24','EE','第二科研楼503会议室',,,,
'Learning over Limited Data Samples Detection of Cooperative Interactions in Logistic Regression Models','https://eee.sustc.edu.cn/?p=2336&cc=7','崔曙光教授(Univ. of California-Davis)','2016-08-01','EE','智园A7栋1008会议室',,,,
'White Space With Compressive Sensing and Geo-location Database for M2M Communications','https://eee.sustc.edu.cn/?p=1755&cc=7','高跃教授(Queen Mary Univ. of London)','2016-07-26','EE','第二科研楼503会议室',,,,
'Strategies for Solving Computationally Expensive Engineering Design Optimization','https://eee.sustc.edu.cn/?p=1760&cc=7','Prof. Slawomir Koziel (Reykjavik Univ.)','2016-07-25','EE','南山智园A7栋1113会议室',,,,
'Modeling and predicting data for business intelligence','https://eee.sustc.edu.cn/?p=2346&cc=7','Yuqun Zhang','2016-07-08','EE','二科502会议室',,,,
'电子与信息科学名家讲座：Photonics Research in Singapore','https://eee.sustc.edu.cn/?p=1635&cc=7','Dr.YongZhang (Assoc.Prof.)','2016-04-18','EE','第二科研楼408会议室',,,,
'Optimal Data Aggregation on Multiple Access Channels','https://eee.sustc.edu.cn/?p=2378&cc=7','Dr.YongZhang (Assoc.Prof.)','2016-04-15','EE','第二科研楼408会议室',,,,
'英国工程技术学会主席Naomi Climer学术讲座：”Internet of Things“','https://eee.sustc.edu.cn/?p=1641&cc=7','Naomi Climer女士','2016-04-14','EE','树仁书院活动室',,,,
'电子与信息科学名家讲座：低维半导体结构能带调控及光电特性研究','https://eee.sustc.edu.cn/?p=1639&cc=7','None','2016-04-14','EE','在第二科研楼503会议室',,,,
'电子与信息科学名家讲座：基于钙钛矿太阳能电池化学稳定性的界面修饰与薄膜溶剂工程','https://eee.sustc.edu.cn/?p=1643&cc=7','None','2016-04-13','EE','第二科研楼408会议室',,,,
'电子与信息科学名家讲座-Multiparadigm Simulations on Functional Materials with Low Dimensions','https://eee.sustc.edu.cn/?p=1645&cc=7','苏海滨（Assoc.Prof.from NTU）','2016-04-11','EE','第二科研楼408会议室',,,,
'A High Resolution Microscopy Imaging Method Based on Computational Photograph','https://eee.sustc.edu.cn/?p=1647&cc=7','张永兵','2016-04-06','EE','第二科研楼503会议室',,,,
'Davydov States for Energy Transfer Dynamics in Molecular Systems','https://eee.sustc.edu.cn/?p=1595&cc=7','赵阳','2016-03-28','EE','第二科研楼408会议室',,,,
'Toward 40K Television','https://eee.sustc.edu.cn/?p=1598&cc=7','David J. Brady','2016-03-18','EE','第二科研楼209会议室',,,,
'电子与信息科学名家讲座：时间交织ADC 失配补偿','https://eee.sustc.edu.cn/?p=1602&cc=7','None','2016-03-16','EE','第二科研楼 408会议室',,,,
'肿瘤诊疗多功能微纳米材料','https://eee.sustc.edu.cn/?p=1608&cc=7','梁晓龙','2016-03-14','EE','第二科研楼503会议室',,,,
'电子与信息科学名家讲座：Is the Gaussian distribution “Normal”? Signal processing with alpha-stable distributions','https://eee.sustc.edu.cn/?p=1611&cc=7','None','2016-03-09','EE','第二科研楼503会议室',,,,
'2016南科大“电磁场与微波技术”研讨会 暨 “深圳电磁无创医学检测工程实验室”授牌仪式','https://eee.sustc.edu.cn/?p=1616&cc=7','陈意钒等','2016-02-25','EE','国际会议厅',,,,
'Seminar Announcement: 5G Wireless Communications - Challenges and Opportunities','https://eee.sustc.edu.cn/?p=1618&cc=7','None','2016-01-14','EE','None',,,,
'Seminar Announcement: Networked Large-Scale Sensing over Complex Systems','https://eee.sustc.edu.cn/?p=1622&cc=7','None','2016-01-07','EE','第二科研楼503会议室',,,,
'电子与信息科学名家讲座：面向健康照明与柔性显示的新型半导体探索','https://eee.sustc.edu.cn/?p=1624&cc=7','None','2016-01-06','EE','第二科研楼408会议室',,,,
'电子与信息科学名家讲座：关于λ/4微带谐振器带通滤波器的综合设计方法','https://eee.sustc.edu.cn/?p=1603&cc=7','None','2016-01-04','EE','第二科研楼503会议室',,,,
'Seminar Announcement: Just FUN: A Joint Fountain Coding and Network Coding Approach to Loss-Tolerant Information Spreading','https://eee.sustc.edu.cn/?p=1612&cc=7','None','2015-12-31','EE','None',,,,
'Seminar Announcement: Challenges in IoT Design and Applications','https://eee.sustc.edu.cn/?p=1606&cc=7','None','2015-12-31','EE','None',,,,
'Seminar Announcement: Modeling Data-Centric Business Processes','https://eee.sustc.edu.cn/?p=1615&cc=7','None','2015-12-23','EE','None',,,,
'电子与电气工程系系列学术讲座：Robust Transceiver Design for Broadband Multiuser Multi-Relay Networks','https://eee.sustc.edu.cn/?p=1621&cc=7','None','2015-12-16','EE','None',,,,
'电子与电气工程系系列学术讲座：Manipulation of Electromagnetic and Thermal Energy with Invisibility Cloaks','https://eee.sustc.edu.cn/?p=1633&cc=7','None','2015-12-14','EE','None',,,,
'电子与信息科学名家讲座：Advances in Modeling and Optimization for High-Frequency Electronic Design','https://eee.sustc.edu.cn/?p=1631&cc=7','程庆沙','2015-12-14','EE','第二科研楼503会议室',,,,
'电子与电气工程系系列学术讲座：Femtosecond Laser Technique and Its Applications to Photonic Materials and Ultrafast Dynamics','https://eee.sustc.edu.cn/?p=1629&cc=7','None','2015-12-14','EE','None',,,,
'电子与信息科学名家讲座：超电磁结构天线的再思考：虚幻与现实','https://eee.sustc.edu.cn/?p=1626&cc=7','陈志宁','2015-12-14','EE','第二科研楼503会议室',,,,
'Economics and computation: recent advances','https://eee.sustc.edu.cn/?p=1546&cc=7','唐平中','2015-12-11','EE','第二科研楼4楼408会议室',,,,
'面向移动计算的非绑定智能感知','https://eee.sustc.edu.cn/?p=1567&cc=7','韩劲松','2015-12-07','EE','第二科研楼5楼503会议室',,,,
'无人机导航定位与GPS通信','https://eee.sustc.edu.cn/?p=1569&cc=7','john ','2015-12-03','EE','第二科研楼4楼408会议室',,,,
'Millimeter-Wave (mm-Wave) CMOS Frequency Synthesizers','https://eee.sustc.edu.cn/?p=1573&cc=7','易翔','2015-11-27','EE','第二科研楼4楼408会议室',,,,
'微能源技术','https://eee.sustc.edu.cn/?p=1584&cc=7','郭航','2015-11-25','EE','第二科研楼503会议室',,,,
'毫米波功率合成技术研究','https://eee.sustc.edu.cn/?p=1579&cc=7','褚庆昕','2015-11-25','EE','第二科研楼503会议室',,,,
'Seminar Announcement: Research and Innovation of Blood Pressure Measurement in the UK - A Simple Concept to a Big Impact','https://eee.sustc.edu.cn/?p=1581&cc=7','郑定昌','2015-11-24','EE','第二科研楼4楼408会议室',,,,
'Seminar Announcement: Extending Computational Electromagnetics From DC to optics','https://eee.sustc.edu.cn/?p=1587&cc=7','None','2015-11-18','EE','None',,,,
'光捕获与光操控','https://eee.sustc.edu.cn/?p=1592&cc=7','李宝军','2015-11-10','EE','第二科研楼4楼408会议室',,,,
'应用需求是创新的源泉，长期坚持是成功的关键','https://eee.sustc.edu.cn/?p=1556&cc=7','None','2015-11-06','EE','None',,,,
'GaN-on-Si电力电子材料进展','https://eee.sustc.edu.cn/?p=1558&cc=7','None','2015-11-03','EE','None',,,,
'力学载荷操纵石墨烯纳电子器件中的输运性能','https://eee.sustc.edu.cn/?p=1562&cc=7','None','2015-11-02','EE','第二科研楼2楼209会议室',,,,
'电子与信息科学名家讲座：力学载荷操纵石墨烯纳电子器件中的输运性能','https://eee.sustc.edu.cn/?p=1560&cc=7','None','2015-11-02','EE','None',,,,
'云计算安全的挑战与实践','https://eee.sustc.edu.cn/?p=1565&cc=7','None','2015-10-05','EE','第二科研楼408会议室',,,,
'高功率光纤激光技术及应用','https://eee.sustc.edu.cn/?p=1578&cc=7','None','2015-09-28','EE','第二科研楼408',,,,
'太赫兹量子器件及其成像与通信应用','https://eee.sustc.edu.cn/?p=1575&cc=7','曹俊诚','2015-09-23','EE','第二科研楼503会议室',,,,
'太赫兹量子器件及其成像与通信应用','https://eee.sustc.edu.cn/?p=1571&cc=7','曹俊诚','2015-09-23','EE','第二科研楼503会议室',,,,
'On the Similarity Metric and the Distance Metric','https://eee.sustc.edu.cn/?p=1585&cc=7','Prof.ZHANG Kaizhong','2015-07-09','EE','第二科研楼503会议室',,,,
'纳米药物载体介导的癌症可视化治疗','https://eee.sustc.edu.cn/?p=1589&cc=7','戴志飞','2015-07-08','EE','第二科研楼503会议室',,,,
'Metamaterial-based Space,Time and Space-time Electromagnetic Dispersion Engineering','https://eee.sustc.edu.cn/?p=1593&cc=7','Prof.Christophe Caloz','2015-07-03','EE','第二科研楼503会议室',,,
'Resource Management in Software Defined Wireless Networks','https://eee.sustc.edu.cn/?p=1649&cc=7','Prof.Yan Zhang','2015-03-29','EE','第二科研楼503会议室',,,,
,,,,,,,,,