'Meta-lens for Imaging and Sensing','http://mse.sustc.edu.cn/cn/lecture/view/id/391','Prof. Din Ping Tsai','2019-4-17','MSE',' Room 408, Faculty Research Building #2',
'Soft X-Ray Microspectroscopy – from In-operando Studies of  ...','http://mse.sustc.edu.cn/cn/lecture/view/id/390','Prof. Rainer H. Fink','2019-4-16','MSE','Room 408, Faculty Research Building #2',
'Micro-nanofabrication and Microneedle','http://mse.sustc.edu.cn/cn/lecture/view/id/389','Prof. Bo Cui','2019-4-15','MSE','Room 408, Faculty Research Building #2',
'Synchrotron Radiation-Based Characterizations of Low Dimensi ...','http://mse.sustc.edu.cn/cn/lecture/view/id/386','Prof. Li Song','2019-4-12','MSE','Room 408, Faculty Research Building #2',
'面向能源小分子的金属纳米催化剂原子尺度精准调控 ...','http://mse.sustc.edu.cn/cn/lecture/view/id/388','吴宇恩 教授','2019-4-11','MSE','第二科研楼408会议室',
'基于同步辐射X射线成像技术对比表征3种工艺球形TC4粉末 ...','http://mse.sustc.edu.cn/cn/lecture/view/id/384','陈刚 副教授','2019-4-11','MSE','第二科研楼408会议室',
'壁流式重结晶碳化硅基体内晶粒形状和孔径大小 ...','http://mse.sustc.edu.cn/cn/lecture/view/id/387','邓承继  教授','2019-4-10','MSE','第二科研楼408会议室',
'Materials and Devices for Flexible Bio-Integrated Electronic ...','http://mse.sustc.edu.cn/cn/lecture/view/id/385','Prof. Xinge Yu','2019-4-9','MSE',': Room 408, Faculty Research Building #2',
'Computational Design of Ductile Magnesium Alloys','http://mse.sustc.edu.cn/cn/lecture/view/id/383','Prof. Zhaoxuan Wu','2019-4-2','MSE','Room 408, Faculty Research Building #2',
'Recent Progress in Fast Functional','http://mse.sustc.edu.cn/cn/lecture/view/id/382','Prof. Lidai Wang','2019-3-29','MSE','Meeting Room201，Hui Yuan #1',
'Electrolyte Design and Solution Mediation Processes in','http://mse.sustc.edu.cn/cn/lecture/view/id/381','Prof. Yi-Chun Lu','2019-3-22','MSE','Room 408, Faculty Research Building #2',
'Materials Innovations for Emerging Energy Technologies','http://mse.sustc.edu.cn/cn/lecture/view/id/380','Prof. Liangbing  Hu ','2019-3-18','MSE','Room 408, Faculty Research Building #2',
'Interacting Light with Semiconductor at the Nanoscale','http://mse.sustc.edu.cn/cn/lecture/view/id/379','Prof. Wei Bao ','2019-3-14','MSE','Room 408, Faculty Research Building #2',
'Production of 2D Materials and Their Applications in Electro ...','http://mse.sustc.edu.cn/cn/lecture/view/id/378','Prof. Bilu Liu','2019-3-12','MSE','Room 408, Faculty Research Building #2',
'Polymer-Assisted Metal Deposition for Soft Electronics','http://mse.sustc.edu.cn/cn/lecture/view/id/377','Prof. Zijian Zheng','2019-3-8','MSE','Room 408, Faculty Research Building #2',
'Atomic Diffusion in Nanoscale Metal Alloy Electrocatalysts','http://mse.sustc.edu.cn/cn/lecture/view/id/376','Prof. Lin Gan','2019-3-6','MSE','Room 408, Faculty Research Building #2',
'高效、低成本、环保的下一代有机太阳能电池','http://mse.sustc.edu.cn/cn/lecture/view/id/375','颜河 教授','2019-2-26','MSE','None',
'A nanopipette Enables Manipulation of Nano-matters in Fluids','http://mse.sustc.edu.cn/cn/lecture/view/id/374','Prof. Ji Tae Kim','2019-2-22','MSE','Room 408, Faculty Research Building #2',
'Solid Electrolyte for Future Batteries','http://mse.sustc.edu.cn/cn/lecture/view/id/373','Prof. Lu Li（National University of Singapore）','2019-2-22','MSE','Room 408, Faculty Research Building #2',
'微纳尺度腔量子电动力学','http://mse.sustc.edu.cn/cn/lecture/view/id/371','古英 教授 (北京大学)','2019-1-17','MSE','第二科研楼408会议室',
'微热板技术及薄膜热物性测试仪器','http://mse.sustc.edu.cn/cn/lecture/view/id/370','唐祯安 教授 (大连理工大学)','2019-1-15','MSE','创园6栋301会议室',
'Investigating the Heterogeneous Nucleation in Nanocrystal Gr ...','http://mse.sustc.edu.cn/cn/lecture/view/id/369','Prof. Dong Qin (Georgia Institute of Technology)','2018-12-24','MSE','Room 408, Faculty Research Building #2',
'自修复聚合物材料','http://mse.sustc.edu.cn/cn/lecture/view/id/368','孙俊奇教授（吉林大学）','2018-12-24','MSE','第二科研楼408会议室',
'Semiconducting Polymers and Their Application to Energy Devi ...','http://mse.sustc.edu.cn/cn/lecture/view/id/367','Prof. Taiho Park (Pohang University of Science and Technology)','2018-12-21','MSE','Room 408, Faculty Research Building #2',
'高效二氧化锡电子传输材料与 钙钛矿光伏电池 ...','http://mse.sustc.edu.cn/cn/lecture/view/id/366','方国家教授（武汉大学）','2018-12-19','MSE','第二科研楼408会议室',
'固体核磁共振谱对锂/钠/镁离子电池的研究','http://mse.sustc.edu.cn/cn/lecture/view/id/365','刘子庚 博士（德国马克斯普朗克化学能源转换研究所）','2018-12-17','MSE','第二科研楼408会议室',
'Perovskite Photovoltaics: History, Progress  and Perspective','http://mse.sustc.edu.cn/cn/lecture/view/id/364','Prof. Nam-Gyu Park (Sungkyunkwan University)','2018-12-17','MSE','Room 408, Faculty Research Building #2',
'Perovskite Material and Solar Cell Research by Surface Scien ...','http://mse.sustc.edu.cn/cn/lecture/view/id/363','Prof. Yabing Qi','2018-12-12','MSE','Room 408, Faculty Research Building #2',
'Opportunities in metal additive manufacturing beyond structu ...','http://mse.sustc.edu.cn/cn/lecture/view/id/362','Prof. Moataz Attallah','2018-12-11','MSE','University of Birmingham',
'Rechargeable Zn Ion Batteries','http://mse.sustc.edu.cn/cn/lecture/view/id/361','Prof. Jihui Yang (University of Washington)','2018-12-5','MSE','Room 408, Faculty Research Building #2 ',
'Development of Gold Extraction Technologies','http://mse.sustc.edu.cn/cn/lecture/view/id/360','Prof. Yahui Zhang (Memorial University of Newfoundland)','2018-11-30','MSE','Room 408, Faculty Research Building #2',
'Manipulating Classical Waves Using Topological Properties','http://mse.sustc.edu.cn/cn/lecture/view/id/359','Prof. Meng XIAO (Wuhan University)','2018-11-28','MSE','Room 408, Faculty Research Building #2',
'Nonlinear, topological, and quantum optical phenomena in str ...','http://mse.sustc.edu.cn/cn/lecture/view/id/358','Prof. Nicolae C. Panoiu (University College London)','2018-11-28','MSE','Room 408, Faculty Research Building #2',
'Recent Progress on the Field of Organic Solar Cells in ATOMS','http://mse.sustc.edu.cn/cn/lecture/view/id/357','Prof. Changduk Yang(Ulsan National Institute of Science and Technology)','2018-11-23','MSE','Room 408, Faculty Research Building #2',
'干涉等离子体显微技术及免标记单分子成像','http://mse.sustc.edu.cn/cn/lecture/view/id/356','余辉副教授 (上海交通大学) ','2018-11-23','MSE','第二科研楼408会议室',
'Flash Sintering: The Scientific Questions and Technological  ...','http://mse.sustc.edu.cn/cn/lecture/view/id/355','Prof. Jian Luo(University of California, San Diego)','2018-11-22','MSE','Room 408, Faculty Research Building #2',
'Green Shades in Organic Synthesis','http://mse.sustc.edu.cn/cn/lecture/view/id/354','Prof. Luigi Vaccaro(University of Perugia)','2018-11-22','MSE','Room 408, Faculty Research Building #2',
'DNA形状介导的纳米粒子组装','http://mse.sustc.edu.cn/cn/lecture/view/id/353','田野教授 (南京大学) ','2018-11-20','MSE','第二科研楼408会议室',
'钛酸钡纳米晶陶瓷的制备及应用','http://mse.sustc.edu.cn/cn/lecture/view/id/352','王晓慧教授（清华大学材料学院）','2018-11-19','MSE','第二科研楼408会议室',
'Electron Transport and Thermoelectric Energy Conversion','http://mse.sustc.edu.cn/cn/lecture/view/id/351','Prof. Gang Chen(Massachusetts Institute of Technology)','2018-11-16','MSE','Room 408, Faculty Research Building #2',
'三元有机光伏体系中的微纳形态结构和光物理','http://mse.sustc.edu.cn/cn/lecture/view/id/350','郝晓涛教授 (山东大学物理学院) ','2018-11-9','MSE','第二科研楼408会议室',
'有机晶体中的磁光耦合效应','http://mse.sustc.edu.cn/cn/lecture/view/id/349','秦伟教授 (山东大学物理学院) ','2018-11-9','MSE','第二科研楼408会议室',
'跨尺度（从微米到行星）自组装复合物质的机理、设计及其应用 ...','http://mse.sustc.edu.cn/cn/lecture/view/id/348','刘兴军教授 (哈工大（深圳）) ','2018-11-8','MSE','第二科研楼408会议室',
'Lithium niobate nanophotonics – giving new life to an old m ...','http://mse.sustc.edu.cn/cn/lecture/view/id/347','Prof. Cheng Wang(City University of Hong Kong)','2018-11-7','MSE','Room 408, Faculty Research Building #2',
'Synthetic biology approaches to Waddington landscape and pat ...','http://mse.sustc.edu.cn/cn/lecture/view/id/346','Prof. Xiao Wang(Arizona State University)','2018-11-2','MSE','Room 408, Faculty Research Building #2',
'走近Nature子刊《Light: Science & Applications》超越论文，服务 ...','http://mse.sustc.edu.cn/cn/lecture/view/id/345','白雨虹研究员 (中国科技期刊编辑学会) ','2018-10-30','MSE','第二科研楼408会议室',
'Tailoring Photons from Solar and Thermal Sources For Energy  ...','http://mse.sustc.edu.cn/cn/lecture/view/id/344','Prof. Gang Chen(Massachusetts Institute of Technology)','2018-10-29','MSE','Room 121-1, International Meeting Hall',
'新型过渡金属三元层状化合物：从MAX相和MXene到MAB相及和MBene ...','http://mse.sustc.edu.cn/cn/lecture/view/id/343','周延春 研究员 (中国运载火箭研究院 航天材料及工艺研究所) ','2018-10-26','MSE','第二科研楼408会议室',
'Mechanical behavior of additive manufactured beta-type titan ...','http://mse.sustc.edu.cn/cn/lecture/view/id/342','Prof. Laichang Zhang(Edith Cowan University)','2018-10-26','MSE','Room 408, Faculty Research Building #2',
'复合型纳米发电机','http://mse.sustc.edu.cn/cn/lecture/view/id/341','杨亚研究员（中国科学院北京纳米能源与系统研究所）','2018-10-25','MSE','第二科研楼408会议室',
'Novel layered thin-film materials for thermoelectrics and co ...','http://mse.sustc.edu.cn/cn/lecture/view/id/340','Prof. Per Eklund(Linköping University)','2018-10-25','MSE','Room 408, Faculty Research Building #2',
'The Role of Collective Atomic Motions on Interface Diffusion ...','http://mse.sustc.edu.cn/cn/lecture/view/id/339','Dr.Hao Zhang (University of Alberta)','2018-10-17','MSE','Room 408, Faculty Research Building #2 ',
'金属板管材零部件轻量化成形技术的研究进展','http://mse.sustc.edu.cn/cn/lecture/view/id/338','张士宏 研究员 (中国科学院金属研究所) ','2018-10-17','MSE','第二科研楼408会议室',
'沸石分子筛绿色路线设计、工业可持续生产与高效催化材料制备 ...','http://mse.sustc.edu.cn/cn/lecture/view/id/337','浙江大学，肖丰收教授','2018-10-16','MSE','第二科研楼408会议室',
'Microwave Characterization of Single Crystal and Polycrystal ...','http://mse.sustc.edu.cn/cn/lecture/view/id/336','Prof. Jerzy Krupka (Warsaw University of Technology)','2018-10-8','MSE','Room 408, Faculty Research Building #2',
'Powder metallurgy (PM) light alloy (Al, Ti, Mg) structural m ...','http://mse.sustc.edu.cn/cn/lecture/view/id/335','Dr.Balog Martin (Institute of materials and machine mechanics of the Slovak academy of sciences (IMSAS))','2018-9-21','MSE','No. 408 Conference Room, Faculty Research Building No.2, SUSTech',
'Publishing with Nature journals','http://mse.sustc.edu.cn/cn/lecture/view/id/334','Dr.Yaoqing Zhang (Senior Editor of Nature Communications) ','2018-9-21','MSE','No. 408 Conference Room, Faculty Research Building No.2, SUSTech',
'微纳光场量子调控','http://mse.sustc.edu.cn/cn/lecture/view/id/333','任希锋 副教授 (中国科学技术大学物理学院)','2018-9-20','MSE','第二科研楼408会议室',
'Photophysics, Electrochemistry and Photoelctrochemitry of Hy ...','http://mse.sustc.edu.cn/cn/lecture/view/id/332','Dr.Sam Hsien-Yi HSU (City University of Hong Kong) ','2018-9-12','MSE','No. 408 Conference Room, Faculty Research Building No.2, SUSTech',
'Light for Advanced Manufacturing','http://mse.sustc.edu.cn/cn/lecture/view/id/331','Prof. Minghui Hong (National University of Singapore) ','2018-9-7','MSE','No. 408 Conference Room, Faculty Research Building No.2, SUSTech',
'Complex Optical Fields: Recent Advances and Future Perspecti ...','http://mse.sustc.edu.cn/cn/lecture/view/id/330','Prof. Qiwen Zhan（University of Shanghai for Science and Technology，University of Dayton）','2018-9-5','MSE','No. 401 Conference Room, Administration Building, SUSTech',
'Nickel oxide electrode interlayer in perovskite-based hybrid ...','http://mse.sustc.edu.cn/cn/lecture/view/id/329','Prof.Tzung-Fang Guo（National Cheng Kung University , Taiwan）','2018-9-5','MSE','No. 408 Conference Room, Faculty Research Building No.2, SUSTech',
'Microstructures of dragonfly wings for engineering applicati ...','http://mse.sustc.edu.cn/cn/lecture/view/id/328','英国伯明翰大学，Kyle Jiang教授','2018-8-24','MSE','第二科研楼408会议室',
'数据挖掘与机器学习','http://mse.sustc.edu.cn/cn/lecture/view/id/327','岳晓冬副教授','2018-8-17','MSE','第二科研楼408会议室',
'First-principles Study of Defect Control in Thin-film Photov ...','http://mse.sustc.edu.cn/cn/lecture/view/id/326','魏苏淮教授','2018-8-13','MSE','第二科研楼408会议室',
'Single crystal perovskite solar cells','http://mse.sustc.edu.cn/cn/lecture/view/id/325','董庆锋教授','2018-8-13','MSE','第二科研楼408会议室',
'Organic Electronics and Optoelectronics: Enabling new Energy ...','http://mse.sustc.edu.cn/cn/lecture/view/id/324','Prof. Samson A. Jenekhe','2018-8-7','MSE','No. 408 Conference Room, Faculty Research Building No.2, SUSTech',
'聚合物太阳电池光伏材料最新研究进展','http://mse.sustc.edu.cn/cn/lecture/view/id/323','中国科学院李永舫院士','2018-8-3','MSE','第二科研楼408会议室',
'新型硅基光伏及氮化物光电子器件','http://mse.sustc.edu.cn/cn/lecture/view/id/322','袁国栋研究员（中国科学院半导体研究所）','2018-7-24','MSE','第二科研楼408会议室',
'应用于舒适建筑的智能调温和智能控湿材料','http://mse.sustc.edu.cn/cn/lecture/view/id/321','高彦峰教授（上海大学电子材料系）','2018-7-17','MSE','第二科研楼408会议室',
'反式平面型钙钛矿太阳能电池的最新研究进展','http://mse.sustc.edu.cn/cn/lecture/view/id/320','朱瑞研究员（北京大学物理学院）','2018-7-17','MSE','第二科研楼408会议室',
'Sino-Danish Joint Research on plastic solar cells','http://mse.sustc.edu.cn/cn/lecture/view/id/319','于冬宏副教授（丹麦奥尔堡大学）','2018-7-10','MSE','慧园1栋201会议室',
'Pressure and Temperature Sensitive Paints','http://mse.sustc.edu.cn/cn/lecture/view/id/318','Prof. Tianshu Liu（Western Michigan University）','2018-7-10','MSE','Meeting Room 201, Wisdom Valley 1, SUSTech',
'Nonlinear Block Copolymers-Enabled Crafting of a Rich Variet ...','http://mse.sustc.edu.cn/cn/lecture/view/id/317','Prof. Zhiqun Lin（Georgia Institute of Technology）','2018-7-10','MSE','No. 408 Conference Room, Faculty Research Building No.2, SUSTech',
'Blue Organic Light-Emitting Diodes (OLEDs)','http://mse.sustc.edu.cn/cn/lecture/view/id/316','Journal of the  Chinese Chemical Society, Dr. Chin-Ti Chen','2018-7-4','MSE','No. 408 Conference Room, Faculty Research Building No.2, SUSTech',
'The Curious Case of Fluorination of Conjugated  Polymers for ...','http://mse.sustc.edu.cn/cn/lecture/view/id/315','University of North Carolina at Chapel Hill, Prof. Wei You','2018-7-2','MSE','No. 408 Conference Room, Faculty Research Building No.2, SUSTech',
'Enabling Materials Innovation for Technology Scaling','http://mse.sustc.edu.cn/cn/lecture/view/id/314','Dr. Zhiyong Ma（Vice President, Technology and Manufacturing Group, Intel）','2018-6-29','MSE','Conference Hall 111, Library, SUSTech',
'Functional Polymer Composites for Electrical Energy Storage  ...','http://mse.sustc.edu.cn/cn/lecture/view/id/312','Prof. Qing Wang（Pennsylvania State University）','2018-6-29','MSE','No. 408 Conference Room, Faculty Research Building No.2, SUSTech',
'Piezocatalytic Effect of BaTiO3 Nanomaterials under Ultrason ...','http://mse.sustc.edu.cn/cn/lecture/view/id/311','包定华教授（中山大学）','2018-6-29','MSE','第二科研楼408会议室',
'Particle hopping repetition and kinetic arrest in colloidal  ...','http://mse.sustc.edu.cn/cn/lecture/view/id/313','Prof. Yip Cho Tung','2018-6-27','MSE','No. 408 Conference Room, Faculty Research Building No.2, SUSTech',
'基于框架核酸的界面调控与生物分析应用','http://mse.sustc.edu.cn/cn/lecture/view/id/310','樊春海教授 (上海交通大学)','2018-6-25','MSE','行政楼401会议室',
'Developing Transparent Broadband Ultrasonic Detector Towards ...','http://mse.sustc.edu.cn/cn/lecture/view/id/309','Prof.Cheng Sun（Northwestern University）','2018-6-21','MSE','No. 408 Conference Room, Faculty Research Building No.2, SUSTech',
'Progress in understanding perovskite materials and manufactu ...','http://mse.sustc.edu.cn/cn/lecture/view/id/308','Prof.Jinsong Huang（University of North Carolina, Chapel Hill）','2018-6-20','MSE','行政楼401会议室',
'Printed polymer solar cells','http://mse.sustc.edu.cn/cn/lecture/view/id/307','Prof.Lintao Hou (Jinan University)','2018-6-20','MSE','第二科研楼408会议室',
'海洋防污材料进展','http://mse.sustc.edu.cn/cn/lecture/view/id/306','张广照（华南理工大学）','2018-6-19','MSE','慧园1栋201会议室',
'智能癌症纳米诊疗探针','http://mse.sustc.edu.cn/cn/lecture/view/id/305','黄鹏教授（深圳大学）','2018-6-15','MSE','第二科研楼408会议室',
'Tuning the Intermolecular and Surface Interactions in Functi ...','http://mse.sustc.edu.cn/cn/lecture/view/id/304','曾宏波教授（加拿大阿尔伯塔大学）','2018-6-15','MSE','慧园1栋201会议室',
'固体材料中缺陷的电子显微分析','http://mse.sustc.edu.cn/cn/lecture/view/id/303','周午纵教授（英国圣安德鲁斯大学 化学学院）','2018-6-15','MSE','慧园1栋201会议室',
'Plasticity of Nanoscale Al-Al2Cu Eutectic','http://mse.sustc.edu.cn/cn/lecture/view/id/302','Prof. Jian Wang(University of Nebraska-Lincoln)','2018-6-13','MSE','No. 408 Conference Room, Faculty Research Building No.2, SUSTech',
'Functional Flexible & Wearable Energy Storage Devices','http://mse.sustc.edu.cn/cn/lecture/view/id/301','Dr. Chunyi Zhi (City University of Hong Kong)','2018-6-6','MSE','第二科研楼408会议室',
'高能强场太赫兹辐射的产生及应用','http://mse.sustc.edu.cn/cn/lecture/view/id/300','吴晓君 副教授','2018-6-1','MSE','第二科研楼408会议室',
'Advanced Cathode Technologies for Future Hydrogen Fuel Cells','http://mse.sustc.edu.cn/cn/lecture/view/id/299','Dr. Gang Wu','2018-5-28','MSE','Meeting Room 201, Wisdom Valley 1, SUSTech',
'Recent Progresses on the  Development of High Energy Li Ion  ...','http://mse.sustc.edu.cn/cn/lecture/view/id/298','Dr. Ji-Guang Zhang','2018-5-25','MSE','No. 408 Conference Room, Faculty Research Building No.2, SUSTech',
'How to tune donor-to-acceptor ratios for practical bulk hete ...','http://mse.sustc.edu.cn/cn/lecture/view/id/297','Prof. Shu Kong SO','2018-5-25','MSE','No. 408 Conference Room, Faculty Research Building No.2, SUSTech',
'Hybrid Halide Perovskite Solar Cells – Progress and Challen ...','http://mse.sustc.edu.cn/cn/lecture/view/id/296','Prof. Shihe Yang','2018-5-24','MSE','No. 121-1 Conference Room, International Meeting Hall, SUSTech',
'Active polarisation control in nonlinear metamaterials','http://mse.sustc.edu.cn/cn/lecture/view/id/295','King's College London, Prof. Anatoly V. Zayats','2018-5-21','MSE','No. 408 Conference Room, Faculty Research Building No.2, SUSTech',
'材料的复合化与仿生构型研究','http://mse.sustc.edu.cn/cn/lecture/view/id/294','上海交通大学 张荻 讲席教授','2018-5-15','MSE','第二科研楼408会议室',
'有机太阳能电池中的电压损耗','http://mse.sustc.edu.cn/cn/lecture/view/id/293','Linköping University, 高峰 副教授','2018-5-9','MSE','第二科研楼408会议室',
'The application of metal oxide nanoparticles in gas sensing  ...','http://mse.sustc.edu.cn/cn/lecture/view/id/292','Prof. Igor Djerdj','2018-5-5','MSE','No. 401 Conference Room, Administrative Building, SUSTech',
'Perovskite materials for optoelectronic devices','http://mse.sustc.edu.cn/cn/lecture/view/id/291','Prof. Aleksandra B. Djurišić','2018-5-5','MSE','No. 401 Conference Room, Administrative Building, SUSTech',
'Advances and Promises of Layered Halide Hybrid Perovskites S ...','http://mse.sustc.edu.cn/cn/lecture/view/id/289','LosAlamos National Laboratory (LANL), Dr.Sergei Tretiak','2018-4-27','MSE','No. 408 Conference Room, Faculty Research Building No.2, SUSTech',
'Piezoelectric Nanostructure for Energy Harvesting: nanogener ...','http://mse.sustc.edu.cn/cn/lecture/view/id/290','Université Paris-Est Marne-la-Vallée(UPEM), France, Prof. Yamin  LEPRINCE-WANG','2018-4-25','MSE','No. 408 Conference Room, Faculty Research Building No.2, SUSTech',
'高效热电器件的优化设计与集成制造','http://mse.sustc.edu.cn/cn/lecture/view/id/288','中科院上海硅酸盐研究所，柏胜强博士','2018-4-25','MSE','慧园一栋201会议室',
'Publishing in Wiley Materials Science Journals','http://mse.sustc.edu.cn/cn/lecture/view/id/287','Dr. Guangchen Xu','2018-4-20','MSE','No. 408 Conference Room, Faculty Research Building No.2, SUSTech',
'Novel Solution-Processed High-Performance Organic and Perovs ...','http://mse.sustc.edu.cn/cn/lecture/view/id/286','The University of Hong Kong, Prof. Wallace Choy','2018-4-18','MSE','No. 408 Conference Room, Faculty Research Building No.2, SUSTech',
'低维材料微电子散热与互连研究新进展','http://mse.sustc.edu.cn/cn/lecture/view/id/285','瑞典皇家工程科学院院士 刘建影教授','2018-4-13','MSE','第二科研楼408会议室',
'Light-matter interaction at micro/nanometer scale(From excit ...','http://mse.sustc.edu.cn/cn/lecture/view/id/284','National Center for Nanoscience and Technology（NCNST), Prof. Xinfeng LIU','2018-4-12','MSE','No. 408 Conference Room, Faculty Research Building No.2, SUSTech',
'Chalcogenide Metasurface','http://mse.sustc.edu.cn/cn/lecture/view/id/282','Dalian University of Technology, Prof. Tun Cao','2018-4-11','MSE','No. 408 Conference Room, Faculty Research Building No.2, SUSTech',
'“刚柔并济”的聚合物电解质：从固态电池到全海深电源 ...','http://mse.sustc.edu.cn/cn/lecture/view/id/281','中科院青岛生物能源与过程研究所 崔光磊博士','2018-4-11','MSE','第二科研楼408会议室',
'Ion Migration in Organic/inorganic Hybrid Perovskite Solar C ...','http://mse.sustc.edu.cn/cn/lecture/view/id/283','中南大学 袁永波教授','2018-4-9','MSE','第二科研楼408会议室',
'光学微腔内的光场调控','http://mse.sustc.edu.cn/cn/lecture/view/id/280','哈尔滨工业大学（深圳） 宋清海教授','2018-4-4','MSE','第二科研楼408会议室',
'二维膜的构筑及其分离性能研究','http://mse.sustc.edu.cn/cn/lecture/view/id/277','华南理工大学 王海辉教授','2018-4-2','MSE','慧园1栋201会议室',
'纳米材料与器件的研发挑战及其技术变革','http://mse.sustc.edu.cn/cn/lecture/view/id/276','中科院苏州纳米所，丁孙安博士','2018-3-30','MSE','慧园1栋201会议室',
'Interface Design and Optical Management for Polymer and Pero ...','http://mse.sustc.edu.cn/cn/lecture/view/id/275','South China University of Technology, Prof. Hin-Lap Yip','2018-3-26','MSE','No. 408 Conference Room Faculty Research Building No.2, SUSTech',
'Efficient Synthesis and Innovative Processing of High Perfor ...','http://mse.sustc.edu.cn/cn/lecture/view/id/274','Dr. Jingdong Luo','2018-3-23','MSE','No. 408 Conference Room Faculty Research Building No.2, SUSTech',
'Design and Fabrication of Electrocatalysts for Hydrogen Prod ...','http://mse.sustc.edu.cn/cn/lecture/view/id/272','Dr. Hui Pan, University of Macau ','2018-3-16','MSE','No. 408 Conference Room, Faculty Research Building No.2, SUSTech',
'Human Interface Devices Enabled by Flexible IonTronic Sensin ...','http://mse.sustc.edu.cn/cn/lecture/view/id/273','Prof. Tingrui Pan, UC Davis','2018-3-15','MSE','No. 401 Conference Room Administrative Building, SUSTech',
'Understanding, Predicting and Designing Materials Microstruc ...','http://mse.sustc.edu.cn/cn/lecture/view/id/271','美国宾夕法尼亚州立大学 陈龙庆 教授','2018-2-28','MSE','第二科研楼408会议室',
'Temperature Dependent Aggregation Enables Efficient Fulleren ...','http://mse.sustc.edu.cn/cn/lecture/view/id/270','香港科技大学 颜河 副教授','2018-2-5','MSE','第二科研楼408会议室',
'高性能半哈斯勒热电材料','http://mse.sustc.edu.cn/cn/lecture/view/id/269','朱铁军 教授','2018-1-23','MSE','第二科研楼408会议室',
'空气稳定的苝二酰亚胺阴离子自由基盐合成机理、性能及应用 ...','http://mse.sustc.edu.cn/cn/lecture/view/id/268','张海全 教授','2018-1-22','MSE','第二科研楼408会议室',
'Functional Metal-based Nanomaterials from Molecular Precurso ...','http://mse.sustc.edu.cn/cn/lecture/view/id/267','黄维扬 教授','2018-1-19','MSE','第二科研楼408会议室',
'Nanoscale Assembly & Chemical Modification of Graphene Based ...','http://mse.sustc.edu.cn/cn/lecture/view/id/266','Prof. Sang Ouk Kim','2018-1-16','MSE','No. 408 Conference Room, Faculty Research Building No.2, SUSTech',
'Enabling High Energy Long Life Rechargeable Batteries by Adv ...','http://mse.sustc.edu.cn/cn/lecture/view/id/265','Dr. Y. Shirley Meng','2018-1-15','MSE','No. 408 Conference Room, Faculty Research Building No.2, SUSTech',
'膜致韧性基体损伤机理及工程实践','http://mse.sustc.edu.cn/cn/lecture/view/id/264','庞晓露 教授','2018-1-15','MSE','第二科研楼408会议室',
'Development of High Area Loading and Stable Sulfur Electrode ...','http://mse.sustc.edu.cn/cn/lecture/view/id/263','Dr. Gao Liu','2018-1-12','MSE','Meeting Room 201, Wisdom Valley 1, SUSTech',
'Visualization and Design of Electrolyte for Advanced Energy  ...','http://mse.sustc.edu.cn/cn/lecture/view/id/262','Dr. Yuan Yang, Columbia University','2018-1-11','MSE','No. 408 Conference Room, Faculty Research Building No.2, SUSTech',
'基于DNA分子的纳米探针的设计及其生物医学应用 ...','http://mse.sustc.edu.cn/cn/lecture/view/id/261','袁荃 教授，武汉大学','2018-1-11','MSE','第二科研楼408会议室',
'Surface Chemistry and Materials Design for Stable Cycling Li ...','http://mse.sustc.edu.cn/cn/lecture/view/id/260','Dr. Hailiang Wang, Yale University','2018-1-10','MSE','No. 408 Conference Room, Faculty Research Building No.2, SUSTech',
'Nanoplasmonics for Biosensing, Bioimaging and Energy Harvest ...','http://mse.sustc.edu.cn/cn/lecture/view/id/259','Dr. Dangyuan Lei','2017-12-27','MSE','No. 408 Conference Room',
'Materials Exploration Accelerated by Materials Data and Info ...','http://mse.sustc.edu.cn/cn/lecture/view/id/257','Dr. Yibin Xu','2017-12-27','MSE','No. 408 Conference Room',
'广义磁反射镜 (Generalized Magnetic Mirrors)','http://mse.sustc.edu.cn/cn/lecture/view/id/256','刘伟 博士','2017-12-27','MSE','第二科研楼408会议室',
'Functional Nanomaterials for Energy and Biomedical Applicati ...','http://mse.sustc.edu.cn/cn/lecture/view/id/258','Prof. Yuehe Lin','2017-12-26','MSE','No. 408 Conference Room',
'Design of Semiconductor Nanostructures for Next-Generation E ...','http://mse.sustc.edu.cn/cn/lecture/view/id/255','何颂贤 副教授','2017-11-28','MSE','第二科研楼408会议室',
'Integrated Nanostructures and Materials for Flexible and Hig ...','http://mse.sustc.edu.cn/cn/lecture/view/id/253','Dr. Zhiyong Fan','2017-11-28','MSE','第二科研楼408会议室',
'Electronic Devices within Single Atomic Layer – Development ...','http://mse.sustc.edu.cn/cn/lecture/view/id/250','Dr. Jr-Hau He','2017-11-28','MSE','第二科研楼408会议室',
'Polymer Nanocomposite Dielectrics for Energy Storage: Fundam ...','http://mse.sustc.edu.cn/cn/lecture/view/id/249','沈洋 副教授','2017-11-28','MSE','第二科研楼408会议室',
'Molecular Dynamics Simulation: A Powerful Tool for Chemical/ ...','http://mse.sustc.edu.cn/cn/lecture/view/id/248','Prof. Phillip Choi ','2017-11-27','MSE','第二科研楼408会议室',
'High Throughput Computation, Materials Genome®, and Materia ...','http://mse.sustc.edu.cn/cn/lecture/view/id/246','刘梓葵 教授','2017-11-24','MSE','第二科研楼408会议室',
'Perovskite Materials for Photoelectrochemical Solar Cell App ...','http://mse.sustc.edu.cn/cn/lecture/view/id/245','Prof. Lianzhou Wang','2017-11-22','MSE','第二科研楼408会议室',
'Smart Fibers Besides Energy Harvesting and Storage','http://mse.sustc.edu.cn/cn/lecture/view/id/243','彭慧胜 教授','2017-11-20','MSE','第二科研楼408会议室',
'Post Lithium-ion Batteries: Na-ion, Li-S,  and Li-Air Batter ...','http://mse.sustc.edu.cn/cn/lecture/view/id/242','Prof. Haoshen Zhou','2017-11-18','MSE','No. 401 Conference Room  Administrative  Building, SUSTech',
'太阳电池技术近来与未来三年创新发展与动向','http://mse.sustc.edu.cn/cn/lecture/view/id/241','周浪 教授','2017-11-15','MSE','第二科研楼408会议室',
'缪子源及其多学科应用','http://mse.sustc.edu.cn/cn/lecture/view/id/240','唐靖宇 研究员','2017-11-14','MSE','第二科研楼408会议室',
'功能纳米颗粒与肿瘤诊疗应用','http://mse.sustc.edu.cn/cn/lecture/view/id/239','高明远 研究员','2017-11-13','MSE','第二科研楼408会议室',
'Nonlinear Dielectric Metasurfaces for Manipulation of Classi ...','http://mse.sustc.edu.cn/cn/lecture/view/id/238','Prof. Dragomir Neshev','2017-11-13','MSE','No. 408 Conference Room, Faculty Research Building No.2, SUSTech',
'纳米能源材料的大面积制造及其器件研究','http://mse.sustc.edu.cn/cn/lecture/view/id/237','童叶翔 教授','2017-11-9','MSE','第二科研楼408会议室',
'Direct Imaging of  the Underlying Electrochemical Processes  ...','http://mse.sustc.edu.cn/cn/lecture/view/id/236','Layla Mehdi 博士','2017-10-30','MSE','第二科研楼408会议室',
'Recent Research Progress of Mg-based Nanocomposites and Amor ...','http://mse.sustc.edu.cn/cn/lecture/view/id/233','Dr. Huai-Jun Lin','2017-10-20','MSE','第二科研楼408会议室',
'Perspectives and Challenges of Hydrides for Multiple Energy  ...','http://mse.sustc.edu.cn/cn/lecture/view/id/231','Dr. Hai-Wen Li','2017-10-20','MSE','第二科研楼408会议室',
'Carrier and Photon Managements for Solar Energy Conversion U ...','http://mse.sustc.edu.cn/cn/lecture/view/id/230','吴凯丰 研究员','2017-10-19','MSE','第二科研楼408会议室',
'液相合成纳米晶过程中的离子扩散与控制研究','http://mse.sustc.edu.cn/cn/lecture/view/id/229','李红博 教授','2017-10-19','MSE','第二科研楼408会议室',
'有机光伏电池电子受体材料的设计合成','http://mse.sustc.edu.cn/cn/lecture/view/id/228','周二军  研究员','2017-10-13','MSE','第二科研楼408会议室',
'基于微纳结构的太阳能转换器件','http://mse.sustc.edu.cn/cn/lecture/view/id/227','朱嘉 教授','2017-10-10','MSE','第二科研楼408会议室',
'Materials for Charge, Light, and Energy Applications From Tr ...','http://mse.sustc.edu.cn/cn/lecture/view/id/226','Prof. Facchetti','2017-9-29','MSE','第二科研楼408会议室',
'基于软体功能材料的机器人技术研究','http://mse.sustc.edu.cn/cn/lecture/view/id/224','谷国迎 副教授','2017-9-29','MSE','第二科研楼408会议室',
'Soft bio-inspired Robots based on Artificial Muscle Actuator ...','http://mse.sustc.edu.cn/cn/lecture/view/id/223','Dr. Jian Zhu','2017-9-21','MSE','第二科研楼408会议室',
'纳米材料的生长及材料储能过程的原位液体透射电镜研究 ...','http://mse.sustc.edu.cn/cn/lecture/view/id/221','廖洪钢 教授','2017-9-21','MSE','第二科研楼408会议室',
'无机功能材料的设计合成与光电应用','http://mse.sustc.edu.cn/cn/lecture/view/id/220','匡代彬 教授','2017-9-15','MSE','第二科研楼408会议室',
'Material and Design Considerations for Fast Flexible and Str ...','http://mse.sustc.edu.cn/cn/lecture/view/id/218','马振强 教授','2017-9-7','MSE','第二科研楼408会议室',
'Nanoplasmonics from Optical Multiplexing to Complete Polariz ...','http://mse.sustc.edu.cn/cn/lecture/view/id/215','李向平 教授','2017-8-29','MSE','第二科研楼408会议室',
'Towards Multi-scale Materials Design for Energy Conversion a ...','http://mse.sustc.edu.cn/cn/lecture/view/id/217','Qiong Cai 博士','2017-8-28','MSE','第二科研楼408会议室',
'Plasmon-enhanced Lasing Behaviors in Hybrid Solution-process ...','http://mse.sustc.edu.cn/cn/lecture/view/id/213','Tsung Sheng Kao 博士','2017-8-23','MSE','第二科研楼408会议室',
'高速系统级芯片设计发展现状的分析与研究','http://mse.sustc.edu.cn/cn/lecture/view/id/211','吴秀龙 教授','2017-8-14','MSE','第二科研楼408会议室',
'New, and New Routes to, Carbon Materials and Single Crystal  ...','http://mse.sustc.edu.cn/cn/lecture/view/id/210','Prof. Rodney S. Ruoff','2017-8-7','MSE','第二科研楼408会议室',
'Publishing in Wiley Materials Science Journals','http://mse.sustc.edu.cn/cn/lecture/view/id/208','Dr.Guangchen Xu','2017-7-25','MSE','No. 408 Conference Room Faculty Research Building No.2, SUSTech',
'The Origin of Bias Independent Conductance Plateaus and Zero ...','http://mse.sustc.edu.cn/cn/lecture/view/id/207','王健农 教授','2017-7-18','MSE','第二科研楼408会议室',
'Diamond Film Surface Nanostructures: Morphology Control, For ...','http://mse.sustc.edu.cn/cn/lecture/view/id/205','Prof. Wenjun Zhang ','2017-7-18','MSE','第二科研楼408会议室',
'Interface Engineering: Multi-scale Interfaces Design in Soli ...','http://mse.sustc.edu.cn/cn/lecture/view/id/203','Dr. Jian Wang','2017-7-18','MSE','第二科研楼408会议室',
'Development of Inorganic Nanoparticles for Cancer Therapy an ...','http://mse.sustc.edu.cn/cn/lecture/view/id/201','Prof. Zhiping Xu','2017-7-13','MSE','第二科研楼408会议室',
'化学反应流多尺度建模与数值模拟','http://mse.sustc.edu.cn/cn/lecture/view/id/199','李爱军 教授','2017-6-28','MSE','慧园1栋 201会议室 ',
'Recent Progress in Automobile PEM Fuel Cell Catalysis','http://mse.sustc.edu.cn/cn/lecture/view/id/198','张久俊 院士','2017-6-28','MSE','慧园1栋 201会议室',
'高效率平面型钙钛矿太阳能电池的研究','http://mse.sustc.edu.cn/cn/lecture/view/id/197','朱瑞 研究员','2017-6-26','MSE','第二科研楼408会议室',
'Upconversion Super Dots for Biophotonics and Nanophotonics  ...','http://mse.sustc.edu.cn/cn/lecture/view/id/196','金大勇 教授','2017-6-22','MSE','第二科研楼408会议室',
'光和物质相互作用：从宏观到微观','http://mse.sustc.edu.cn/cn/lecture/view/id/194','李志远 教授','2017-6-22','MSE','第二科研楼408会议室',
'超材料与结构的光吸收控制与应用开发','http://mse.sustc.edu.cn/cn/lecture/view/id/193','甘巧强 副教授','2017-6-20','MSE','第二科研楼209会议室',
'The Role of Surface Functionalization on Thermal Transport a ...','http://mse.sustc.edu.cn/cn/lecture/view/id/190','Tengfei Luo 博士','2017-6-14','MSE','第二科研楼408会议室',
'铁基非晶材料在催化领域的功能性应用','http://mse.sustc.edu.cn/cn/lecture/view/id/188','张来昌 副教授','2017-6-14','MSE','第二科研楼408会议室',
'A Tale beyond the Wrong Name  Rare Earths and Rare Earth Mag ...','http://mse.sustc.edu.cn/cn/lecture/view/id/192','刘平 博士','2017-6-12','MSE','第二科研楼408会议室',
'Semi-crystalline Photovoltaic Polymers for Fullerene and Non ...','http://mse.sustc.edu.cn/cn/lecture/view/id/186','Han Young Woo 教授','2017-6-2','MSE','第二科研楼408会议室',
'骨植入材料表面修饰及其生物学性能研究','http://mse.sustc.edu.cn/cn/lecture/view/id/187','刘宣勇 研究员','2017-6-1','MSE','第一教学楼406室',
'Manufacturing, Materials, and Device Innovations for Soft an ...','http://mse.sustc.edu.cn/cn/lecture/view/id/176','Cunjiang Yu 博士','2017-5-22','MSE','第二科研楼408会议室',
'高性能多孔膜结构精细调控','http://mse.sustc.edu.cn/cn/lecture/view/id/175','靳健 研究员','2017-5-19','MSE','第二科研楼408会议室',
'Magnetically Aligned Graphene and Laser Streaming','http://mse.sustc.edu.cn/cn/lecture/view/id/173','包吉明 副教授','2017-5-18','MSE','第二科研楼408会议室',
'Synchrotron X-ray Scattering Studies on the Morphology of Or ...','http://mse.sustc.edu.cn/cn/lecture/view/id/184','Xinhui Lu 博士','2017-5-16','MSE','第二科研楼408会议室',
'Advanced Materials and Manufacturing to Enable Heterogeneous ...','http://mse.sustc.edu.cn/cn/lecture/view/id/181','Changqing Liu 教授','2017-5-16','MSE','第二科研楼408会议室',
'High-resolution TEM of MOFs and other Electron Beam-sensitiv ...','http://mse.sustc.edu.cn/cn/lecture/view/id/178','韩宇 教授','2017-5-15','MSE','第二科研楼408会议室',
'Thermal Transport and Thermoelectric Energy  Conversion-Adva ...','http://mse.sustc.edu.cn/cn/lecture/view/id/171','Yanliang Zhang 博士','2017-5-15','MSE','第二科研楼408会议室',
'Nano Processes on the Surfaces and in Solution for Minerals  ...','http://mse.sustc.edu.cn/cn/lecture/view/id/169','刘清侠 教授','2017-5-12','MSE','第二科研楼408会议室',
'新型光热转换材料的研发及其在癌症诊疗上的应用探索 ...','http://mse.sustc.edu.cn/cn/lecture/view/id/168','胡俊青 教授','2017-5-5','MSE','第二科研楼408会议室',
'高效率晶体硅异质结（SHJ）太阳电池技术研发及发展趋势 ...','http://mse.sustc.edu.cn/cn/lecture/view/id/167','刘正新 研究员','2017-5-5','MSE','第二科研楼408会议室',
'有机近红外光敏剂的生物成像与肿瘤光治疗','http://mse.sustc.edu.cn/cn/lecture/view/id/166','董晓臣 教授','2017-4-27','MSE','第二科研楼408会议室',
'太阳能燃料光催化材料的理性设计与构筑','http://mse.sustc.edu.cn/cn/lecture/view/id/165','张铁锐 研究员','2017-4-27','MSE','第二科研楼408会议室',
'New Approaches of Achromatic Metasurfaces and Multiplexed SP ...','http://mse.sustc.edu.cn/cn/lecture/view/id/164','李涛 教授','2017-4-26','MSE','第二科研楼408会议室',
'Photonic Spin-Hall Effects in Plasmonics','http://mse.sustc.edu.cn/cn/lecture/view/id/162','Anatoly V. Zayats  教授','2017-4-26','MSE','第二科研楼408会议室',
'A Critical Question for Materials Design and Development: Wh ...','http://mse.sustc.edu.cn/cn/lecture/view/id/160','刘芸 教授','2017-4-21','MSE','第二科研楼408会议室',
'胶体光子晶体新材料','http://mse.sustc.edu.cn/cn/lecture/view/id/158','葛建平 教授','2017-4-19','MSE','第二科研楼408会议室',
'Growing New Types of 2D Transition Metal Dichalcogenide Mono ...','http://mse.sustc.edu.cn/cn/lecture/view/id/155','Prof. Lain-Jong Li','2017-4-12','MSE','第二科研楼408会议室',
'Two Dimensional Metal Chalcogenide Semiconductors: Design, S ...','http://mse.sustc.edu.cn/cn/lecture/view/id/150','何军教授','2017-4-12','MSE','行政楼401会议室',
'产学研深度融合的实践与思考','http://mse.sustc.edu.cn/cn/lecture/view/id/157','李烈军教授','2017-4-11','MSE','第二科研楼408会议室',
'Curious Minds and Materials Discoveries','http://mse.sustc.edu.cn/cn/lecture/view/id/153','Prof. Jiaxing Huang','2017-4-11','MSE','第二科研楼408会议室',
'水凝胶生物医用材料研究','http://mse.sustc.edu.cn/cn/lecture/view/id/156','张拥军教授','2017-4-10','MSE','第二科研楼408会议室',
'New Discoveries and Sustainable Nuclear Energy','http://mse.sustc.edu.cn/cn/lecture/view/id/151','贺鹤鸣教授','2017-4-6','MSE','第二科研楼408会议室',
'2D Materials, Heterostructures and Devices: Opportunities an ...','http://mse.sustc.edu.cn/cn/lecture/view/id/148','段镶锋教授','2017-3-24','MSE','图书馆110报告厅',
'2D Materials: Assembly and In-situ Raman Study','http://mse.sustc.edu.cn/cn/lecture/view/id/146','Dr. Jianli Zou   ','2017-3-21','MSE','Conference Hall 111, Library, SUSTech    ',
'Two Variations on Normal Modes: Sloshing in Free Containers  ...','http://mse.sustc.edu.cn/cn/lecture/view/id/144','Prof. Andrzej Herczyński','2017-1-13','MSE','No. 408 Conference Room, Faculty Research Building No.2, SUSTech',
'Carbon Materials for the Future','http://mse.sustc.edu.cn/cn/lecture/view/id/142','Prof. Rodney S. Ruoff','2017-1-9','MSE','No. 408 Conference Room, Faculty Research Building No.2, SUSTech',
'二维材料和有机聚合物在大规模能源存储的应用 ...','http://mse.sustc.edu.cn/cn/lecture/view/id/141','姚彦 教授','2017-1-5','MSE','第二科研楼408会议室',
'弱散射结构随机激光器','http://mse.sustc.edu.cn/cn/lecture/view/id/140','刘大禾教授','2017-1-4','MSE','第二科研楼408会议室',
'Nanosciences for Biological and Energy Systems','http://mse.sustc.edu.cn/cn/lecture/view/id/139','Prof. Hongjie Dai','2016-12-23','MSE','Conference Hall 111, Library',
'能源纳米器件中的材料与界面','http://mse.sustc.edu.cn/cn/lecture/view/id/138','陈立栀 教授','2016-12-21','MSE','第二科研楼503会议室',
'Multifunctional Polymer Nanocomposites','http://mse.sustc.edu.cn/cn/lecture/view/id/137','郭占虎 教授','2016-12-16','MSE','第二科研楼408会议室',
'Controlling Spin-orbit Coupling of Light with Metamaterials','http://mse.sustc.edu.cn/cn/lecture/view/id/135','张霜 教授','2016-12-16','MSE','第二科研楼408会议室',
'Surface Modification of Ferrous Alloys by Friction Stir Proc ...','http://mse.sustc.edu.cn/cn/lecture/view/id/136','Prof. Chi Tat Kwok','2016-12-14','MSE','No. 408 Conference Room, Faculty Research Building No.2, SUSTech',
'药物结晶和纳米材料过程的模拟、在线测量和控制：研究和应用 ...','http://mse.sustc.edu.cn/cn/lecture/view/id/134','王学重 教授','2016-12-13','MSE','第二科研楼408会议室',
'Solution-processed Transparent Nickel-mesh Counter Electrode ...','http://mse.sustc.edu.cn/cn/lecture/view/id/133','Dr. Shien-Ping Feng','2016-12-13','MSE','No. 408 Conference Room, Faculty Research Building No.2, SUSTech',
'对苯二甲酸作为锂离子电池负极材料的研究','http://mse.sustc.edu.cn/cn/lecture/view/id/132','王丽平博士','2016-12-9','MSE','第二科研楼408会议室',
'用纳米结构材料强化酶反应过程：现状、问题与展望 ...','http://mse.sustc.edu.cn/cn/lecture/view/id/131','刘铮 教授','2016-12-7','MSE','第二科研楼503会议室',
'Understanding the Hydrogen Influence of Medium Strength Mart ...','http://mse.sustc.edu.cn/cn/lecture/view/id/130','Prof. Andrej Atrens','2016-12-7','MSE','No. 408 Conference Room                    Faculty Research Building No.2, SUSTech',
'基于生物燃料电池的自我供电、智能电化学生物计算逻辑传感器 ...','http://mse.sustc.edu.cn/cn/lecture/view/id/129','周明 教授','2016-12-6','MSE','第二科研楼408会议室',
'Photonic Crystals: Holographic Lithography Fabrication and N ...','http://mse.sustc.edu.cn/cn/lecture/view/id/128','Prof. Kam Sing Wong','2016-12-6','MSE','No. 408 Conference Room                    Faculty Research Building No.2, SUSTech',
'Materials Design at Nanoscale for Electrocatalysis and Batte ...','http://mse.sustc.edu.cn/cn/lecture/view/id/127','郭少军 教授','2016-12-5','MSE','第二科研楼408会议室',
'互联网+ 时代的光电功能材料','http://mse.sustc.edu.cn/cn/lecture/view/id/126','王继扬 教授','2016-12-2','MSE','第二科研楼209会议室',
'Colloidal Semiconductor Metal Chalcogenide Nanocrystals: the ...','http://mse.sustc.edu.cn/cn/lecture/view/id/124','Prof. Kui Yu','2016-11-25','MSE','No. 408 Conference Room, Faculty Research Building No.2, SUSTech ',
'碳纳米管电催化生长机理及快速表征技术研究进展 ...','http://mse.sustc.edu.cn/cn/lecture/view/id/123','姜开利 教授','2016-11-25','MSE','第二科研楼408会议室',
'Advanced Materials for Sensing and Energy Harvesting','http://mse.sustc.edu.cn/cn/lecture/view/id/122','Prof. Feng Yan','2016-11-24','MSE','No. 408 Conference Room, Faculty Research Building No.2, SUSTech',
'Structural Colors and Ultrasonics by Light Interaction with  ...','http://mse.sustc.edu.cn/cn/lecture/view/id/125','Prof. L. Jay Guo','2016-11-23','MSE','No. 408 Conference Room, Faculty Research Building No.2, SUSTech',
'基于氰基苯乙烯衍生物的功能超分子凝胶','http://mse.sustc.edu.cn/cn/lecture/view/id/121','姜世梅 教授','2016-11-22','MSE','第二科研楼408会议室',
'Anomalous Phonon Transport/heat Diffusion in Nanoscale Syste ...','http://mse.sustc.edu.cn/cn/lecture/view/id/120','Prof. Baowen Li','2016-11-22','MSE','第二科研楼408会议室',
'Nano Materials for Enhanced Oil Recovery and Hydrogen Evolut ...','http://mse.sustc.edu.cn/cn/lecture/view/id/119','Prof. Zhifeng Ren','2016-11-21','MSE','No. 408 Conference Room, Faculty Research Building No.2, SUSTech',
'Synthesis and Applications of Novel Two-Dimensional Nanomate ...','http://mse.sustc.edu.cn/cn/lecture/view/id/118','Prof. Hua Zhang','2016-11-18','MSE','No. 408 Conference Room, Faculty Research Building No.2, SUSTech',
'Surface Enhanced Raman Related Photophysics and Photochemist ...','http://mse.sustc.edu.cn/cn/lecture/view/id/116','Prof. Ping Xu','2016-11-7','MSE','No. 408 Conference Room, Faculty Research Building No.2, SUSTech',
'Negative Thermal Expansion in Nanoscaled Solids','http://mse.sustc.edu.cn/cn/lecture/view/id/114','邢献然 教授','2016-11-4','MSE','行政楼401会议室',
'亚10nm图形加工及应用','http://mse.sustc.edu.cn/cn/lecture/view/id/115','段辉高教授','2016-11-2','MSE','第二科研楼408会议室',
'Multi-dimensional Rylene Dyes for High Performance Solar Cel ...','http://mse.sustc.edu.cn/cn/lecture/view/id/113','Prof. Zhaohui Wang ','2016-10-26','MSE','No. 408 Conference Room, Faculty Research Building No.2, SUSTech',
'Surface Modification by Nanosheets-coating Composed of Novel ...','http://mse.sustc.edu.cn/cn/lecture/view/id/112','Prof. Yu Nagase','2016-10-18','MSE','No. 408 Conference Room, Faculty Research Building No.2, SUSTech',
'处在变革中的医用金属材料','http://mse.sustc.edu.cn/cn/lecture/view/id/111','郑玉峰 教授','2016-10-14','MSE','行政楼401会议室',
'Graphene Based High‐Performance Thermal Interface Materials ...','http://mse.sustc.edu.cn/cn/lecture/view/id/110','Dr. Jie Chen','2016-10-14','MSE','No. 401 Conference Room,               Administration Building, SUSTC',
'Plasmonics and Metamaterials for Applications: From High Eff ...','http://mse.sustc.edu.cn/cn/lecture/view/id/105','Prof. Krzysztof Kempa','2016-9-30','MSE','第二科研楼408会议室',
'Self-assembly, Bio-inspired Transparent Conductive Metallic  ...','http://mse.sustc.edu.cn/cn/lecture/view/id/104','高进伟教授','2016-9-30','MSE','第二科研楼408会议室',
'Preparation of Designed Poly(trimethylene carbonate) Meniscu ...','http://mse.sustc.edu.cn/cn/lecture/view/id/103','Prof. Dirk W. Grijpma','2016-9-30','MSE','第二科研楼408会议室',
'Application of Analytical Transmission Electron Microscopy i ...','http://mse.sustc.edu.cn/cn/lecture/view/id/108','杨改英博士','2016-9-28','MSE','第二科研楼408会议室',
'Functional Metallopolymers as Precursors to Magnetic Metal A ...','http://mse.sustc.edu.cn/cn/lecture/view/id/107','Prof. Wai-Yeung Wong','2016-8-30','MSE','第二科研楼408会议室',
'Biomorphic metal oxide for dye adsorption in water treatment','http://mse.sustc.edu.cn/cn/lecture/view/id/106','Prof. D. H. L. NG','2016-8-18','MSE','第二科研楼408会议室',
'Development of New Materials for Li-ion, Li-S and Li-Air Bat ...','http://mse.sustc.edu.cn/cn/lecture/view/id/102','Prof. Jiazhao Wang','2016-8-16','MSE','No. 408 Conference Room, Faculty Research Building No.2, SUSTC',
'Materials Design for Solar Energy Harvesting','http://mse.sustc.edu.cn/cn/lecture/view/id/101','Dr. Hui Pan','2016-8-8','MSE','No. 408 Conference Room, Faculty Research Building No.2, SUSTC',
'New Schemes of Room-Temperature Solution-Processed Metal Oxi ...','http://mse.sustc.edu.cn/cn/lecture/view/id/100','Dr. Wallace Choy','2016-8-3','MSE','第二科研楼408会议室',
'高表面积二维层状结构化合物的电催化制氢性能 ...','http://mse.sustc.edu.cn/cn/lecture/view/id/85','陈硕博士','2016-8-1','MSE','第二科研楼408会议室',
'大块非晶合金：机遇与挑战','http://mse.sustc.edu.cn/cn/lecture/view/id/84','沈军 教授','2016-7-27','MSE','第二科研楼408会议室',
'How do we make fuels using water and sunlight?','http://mse.sustc.edu.cn/cn/lecture/view/id/82','Prof. Dunwei Wang','2016-7-15','MSE','No. 408 Conference Room, Faculty Research Building No.2, SUSTC',
'难熔金属碳化物涂层/基体改性C/C复合材料的制备技术及长时烧蚀行 ...','http://mse.sustc.edu.cn/cn/lecture/view/id/81','熊翔教授','2016-7-13','MSE','第二科研楼408会议室',
'Metallopolyynes and Metallophosphors: New Multifunctional Ma ...','http://mse.sustc.edu.cn/cn/lecture/view/id/80','黄维扬 教授','2016-7-11','MSE','第二科研楼408会议室',
'Beyond the Traditional Polarization Responses in Polar-polym ...','http://mse.sustc.edu.cn/cn/lecture/view/id/79','Prof. Qiming Zhang','2016-7-8','MSE','No. 408 Conference Room, Faculty Research Building No.2, SUSTC',
'Optoelectronics of 2D Semiconductors','http://mse.sustc.edu.cn/cn/lecture/view/id/78','Prof. Xiaodong Xu','2016-7-6','MSE','No. 408 Conference Room, Faculty Research Building No.2, SUSTC',
'Design and synthesis of pi-conjugated polymers and interlaye ...','http://mse.sustc.edu.cn/cn/lecture/view/id/77','Prof. Mats Andersson','2016-7-4','MSE','No. 401 Conference Room, Administration Building, SUSTC',
'n-Type materials for all-polymer solar cells','http://mse.sustc.edu.cn/cn/lecture/view/id/76','Prof. Ergang Wang','2016-7-4','MSE','No. 401 Conference Room, Administration Building, SUSTC',
'Developing conjugated polymers for transistor applications','http://mse.sustc.edu.cn/cn/lecture/view/id/75','Prof. Martin Heeney','2016-7-1','MSE','No. 408 Conference Room,Faculty Research Building No.2, SUSTC',
'Conjugated Polyelectrolytes: Properties and Application in S ...','http://mse.sustc.edu.cn/cn/lecture/view/id/73','Kirk Schanze教授','2016-6-28','MSE','行政楼401会议室',
'Metal-Organic-Framework-Derived Functional Materials for Ele ...','http://mse.sustc.edu.cn/cn/lecture/view/id/72','Prof. Xiong Wen Lou','2016-6-27','MSE','No. 408 Conference Room, Faculty Research Building No.2, SUSTC',
'Growth and Applications of Two-Dimensional Transition Metal  ...','http://mse.sustc.edu.cn/cn/lecture/view/id/71','Prof. Lance Lain-Jong Li','2016-6-27','MSE','No. 408 Conference Room, Faculty Research Building No.2, SUSTC',
'相图、相变及合金设计','http://mse.sustc.edu.cn/cn/lecture/view/id/70','杜勇教授','2016-6-24','MSE','第二科研楼408会议室',
'Thermodynamics and Thermal Behavior  of Lithium Batteries','http://mse.sustc.edu.cn/cn/lecture/view/id/68','Prof. Hans Jürgen Seifert','2016-6-24','MSE','No. 408 Conference Room, Faculty Research Building No.2, SUSTC',
'基于非心结构的光电功能晶体材料探索','http://mse.sustc.edu.cn/cn/lecture/view/id/67','罗军华教授','2016-6-24','MSE','第二科研楼408会议室',
'南科大讲堂第74期：减轻城市空气中PM2.5污染物的过滤方案 ...','http://mse.sustc.edu.cn/cn/lecture/view/id/66','裴有康','2016-6-8','MSE','图书馆110报告厅',
'Rational Materials Design for Ultrafast Charging Lithium Ion ...','http://mse.sustc.edu.cn/cn/lecture/view/id/65','Dr. Xiaodong Chen ','2016-6-2','MSE','No. 401 Conference Room, Administration Building, SUSTC ',
'Printed Electronics and Photonics – Future Challenges and O ...','http://mse.sustc.edu.cn/cn/lecture/view/id/74','Prof.Natalie Stingelin','2016-6-1','MSE','No. 401 Conference Room, Administration Building, SUSTC',
'科研创新：基本原则及其在材料领域的应用 Scientific innovation:  ...','http://mse.sustc.edu.cn/cn/lecture/view/id/64','许谷 院士','2016-5-30','MSE','行政楼401会议室',
'Development of High Area Loading and Stable Sulfur Electrode ...','http://mse.sustc.edu.cn/cn/lecture/view/id/86','Prof. Gao Liu','2016-5-26','MSE','No. 408 Conference Room,  Faculty Research Building No.2, SUSTC',
'锂离子电池长期循环过程中锂消耗的机制与抑制方法 ...','http://mse.sustc.edu.cn/cn/lecture/view/id/83','郑洪河 教授','2016-5-26','MSE','第二科研楼408会议室',
'石墨烯的电分析化学与生物传感','http://mse.sustc.edu.cn/cn/lecture/view/id/88','李景虹 教授','2016-5-25','MSE','李景虹 教授',
'创新源自于科学：非常规原油资源采油的技术开发 ...','http://mse.sustc.edu.cn/cn/lecture/view/id/87','徐政和 院士','2016-5-25','MSE','行政楼401会议室',
'材料系专业介绍会等你来!','http://mse.sustc.edu.cn/cn/lecture/view/id/89','材料系众教授','2016-5-23','MSE','一科报告厅',
'Direct Fabrication of High Performance steel Products Withou ...','http://mse.sustc.edu.cn/cn/lecture/view/id/90','贺跃辉 教授','2016-5-17','MSE','行政楼401会议室',
'When Plant Viruses and Bacteriophages Meet Mammalian Cells','http://mse.sustc.edu.cn/cn/lecture/view/id/91','牛忠伟 教授','2016-5-6','MSE','行政楼401会议室',
'Stability of Perovskite Solar Cells','http://mse.sustc.edu.cn/cn/lecture/view/id/92','Prof. Aleksandra B. Djurišić','2016-4-25','MSE','第二科研楼408会议室',
'肝内免疫应答生物力学与肝脏工程化构建','http://mse.sustc.edu.cn/cn/lecture/view/id/94','龙勉教授','2016-4-22','MSE','行政楼401会议室',
'非晶合金材料及其微纳米成形研究','http://mse.sustc.edu.cn/cn/lecture/view/id/93','姚可夫 教授','2016-4-22','MSE','第二科研楼408会议室',
'2016-04-14 |','http://mse.sustc.edu.cn/cn/lecture/view/id/96','候仰龙 教授','2016-4-16','MSE','行政楼401会议室',
'Microstructures, Consolidation Level and Mechanical Properti ...','http://mse.sustc.edu.cn/cn/lecture/view/id/97','张德良 教授','2016-4-12','MSE','第二科研楼408会议室',
'固态电池：未来的选择','http://mse.sustc.edu.cn/cn/lecture/view/id/95','李泓 研究员','2016-4-12','MSE','行政楼401会议室',
'Engineering Sciences and Their Importance for Industries','http://mse.sustc.edu.cn/cn/lecture/view/id/98','胡国华 教授','2016-4-6','MSE','行政楼401会议室',
'高温氮化制备氮化物结合氧化物-碳复合材料','http://mse.sustc.edu.cn/cn/lecture/view/id/99','邓承继 教授','2016-3-28','MSE','行政楼401会议室',
